Name,GlyphsName,ps_name,AGL,Order,USV,Dir,shapeOrder,DesignerOrder,Fonts
.notdef,.notdef,.notdef,.notdef,0,,,0,0,*
.null,.null,.null,,1,,,1,1,*
nonmarkingreturn,nonmarkingreturn,nonmarkingreturn,controlCR,2,,,2,2,*
space,space,space,,3,0020,,3,3,*
tab,tab,tab,controlHT,4,,,4,4,*
exclam,exclam,exclam,,5,0021,,5,5,*
quotedbl,quotedbl,quotedbl,,7,0022,,7,7,*
numbersign,numbersign,numbersign,,8,0023,,8,8,*
dollar,dollar,dollar,,9,0024,,9,9,*
percent,percent,percent,,10,0025,,10,10,*
ampersand,ampersand,ampersand,,11,0026,,11,11,*
quotesingle,quotesingle,quotesingle,,12,0027,,12,12,*
parenleft,parenleft,parenleft,,13,0028,,13,13,*
parenright,parenright,parenright,,14,0029,,14,15,*
asterisk,asterisk,asterisk,,17,002A,,17,17,*
plus,plus,plus,,19,002B,,19,19,*
comma,comma,comma,,20,002C,,20,20,*
hyphen,hyphentwo,uni2010,hyphentwo,253,2010,,253,21,*
hyphenminus,hyphen,hyphen,,21,002D,,21,22,*
period,period,period,,22,002E,,22,23,*
period.test,period.test,period.test,,23,,,23,24,*
slash,slash,slash,,24,002F,,24,25,*
zero,zero,zero,,25,0030,,25,26,*
zeroMedium,zero.medium,zero.medium,,1299,,EN,1321,27,*
zeroSmall,zero.small,zero.small,,1333,,EN,1354,28,*
one,one,one,,26,0031,,26,29,*
oneMedium,one.medium,one.medium,,1300,,EN,1322,30,*
oneSmall,one.small,one.small,,1334,,EN,1355,31,*
two,two,two,,27,0032,,27,32,*
twoMedium,two.medium,two.medium,,1301,,EN,1323,33,*
twoSmall,two.small,two.small,,1335,,EN,1356,34,*
three,three,three,,28,0033,,28,35,*
threeMedium,three.medium,three.medium,,1302,,EN,1324,36,*
threeSmall,three.small,three.small,,1336,,EN,1357,37,*
four,four,four,,29,0034,,29,38,*
fourMedium,four.medium,four.medium,,1303,,EN,1325,39,*
fourSmall,four.small,four.small,,1337,,EN,1358,40,*
five,five,five,,30,0035,,30,41,*
fiveMedium,five.medium,five.medium,,1304,,EN,1326,42,*
fiveSmall,five.small,five.small,,1338,,EN,1359,43,*
six,six,six,,31,0036,,31,44,*
sixMedium,six.medium,six.medium,,1305,,EN,1327,45,*
sixSmall,six.small,six.small,,1339,,EN,1360,46,*
seven,seven,seven,,32,0037,,32,47,*
sevenMedium,seven.medium,seven.medium,,1306,,EN,1328,48,*
sevenSmall,seven.small,seven.small,,1340,,EN,1361,49,*
eight,eight,eight,,33,0038,,33,50,*
eightMedium,eight.medium,eight.medium,,1307,,EN,1329,51,*
eightSmall,eight.small,eight.small,,1341,,EN,1362,52,*
nine,nine,nine,,34,0039,,34,53,*
nineMedium,nine.medium,nine.medium,,1308,,EN,1330,54,*
nineSmall,nine.small,nine.small,,1342,,EN,1363,55,*
colon,colon,colon,,35,003A,,35,56,*
semicolon,semicolon,semicolon,,37,003B,,37,58,*
less,less,less,,38,003C,,38,59,*
equal,equal,equal,,39,003D,,39,60,*
greater,greater,greater,,40,003E,,40,61,*
question,question,question,,41,003F,,41,62,*
at,at,at,,42,0040,,42,63,*
A,A,A,,43,0041,,43,64,*
B,B,B,,44,0042,,44,65,*
C,C,C,,45,0043,,45,66,*
D,D,D,,46,0044,,46,67,*
E,E,E,,47,0045,,47,68,*
F,F,F,,48,0046,,48,69,*
G,G,G,,49,0047,,49,70,*
H,H,H,,50,0048,,50,71,*
I,I,I,,51,0049,,51,72,*
J,J,J,,52,004A,,52,73,*
K,K,K,,53,004B,,53,74,*
L,L,L,,54,004C,,54,75,*
M,M,M,,55,004D,,55,76,*
N,N,N,,56,004E,,56,77,*
O,O,O,,57,004F,,57,78,*
P,P,P,,58,0050,,58,79,*
Q,Q,Q,,59,0051,,59,80,*
R,R,R,,60,0052,,60,81,*
S,S,S,,61,0053,,61,82,*
T,T,T,,62,0054,,62,83,*
U,U,U,,63,0055,,63,84,*
V,V,V,,64,0056,,64,85,*
W,W,W,,65,0057,,65,86,*
X,X,X,,66,0058,,66,87,*
Y,Y,Y,,67,0059,,67,88,*
Z,Z,Z,,68,005A,,68,89,*
bracketleft,bracketleft,bracketleft,,69,005B,,69,90,*
bracketright,bracketright,bracketright,,71,005D,,71,91,*
backslash,backslash,backslash,,70,005C,,70,92,*
underscore,underscore,underscore,,73,005F,,73,93,*
a,a,a,,75,0061,,75,94,*
b,b,b,,76,0062,,76,95,*
c,c,c,,77,0063,,77,96,*
d,d,d,,78,0064,,78,97,*
e,e,e,,79,0065,,79,98,*
f,f,f,,80,0066,,80,99,*
g,g,g,,81,0067,,81,100,*
h,h,h,,82,0068,,82,101,*
i,i,i,,83,0069,,83,102,*
j,j,j,,84,006A,,84,103,*
k,k,k,,85,006B,,85,104,*
l,l,l,,86,006C,,86,105,*
m,m,m,,87,006D,,87,106,*
n,n,n,,88,006E,,88,107,*
o,o,o,,89,006F,,89,108,*
p,p,p,,90,0070,,90,109,*
q,q,q,,91,0071,,91,110,*
r,r,r,,92,0072,,92,111,*
s,s,s,,93,0073,,93,112,*
t,t,t,,94,0074,,94,113,*
u,u,u,,95,0075,,95,114,*
v,v,v,,96,0076,,96,115,*
w,w,w,,97,0077,,97,116,*
x,x,x,,98,0078,,98,117,*
y,y,y,,99,0079,,99,118,*
z,z,z,,100,007A,,100,119,*
braceleft,braceleft,braceleft,,101,007B,,101,120,*
braceright,braceright,braceright,,103,007D,,103,121,*
bar,bar,bar,,102,007C,,102,122,*
asciitilde,asciitilde,asciitilde,,104,007E,,104,123,*
nobreakspace,nbspace,uni00A0,nbspace,138,00A0,,138,124,*
exclamdown,exclamdown,exclamdown,,139,00A1,,139,125,*
cent,cent,cent,,140,00A2,,140,126,*
sterling,sterling,sterling,,141,00A3,,141,127,*
currency,currency,currency,,142,00A4,,142,128,*
yen,yen,yen,,143,00A5,,143,129,*
brokenbar,brokenbar,brokenbar,,144,00A6,,144,130,*
section,section,section,,145,00A7,,145,131,*
copyright,copyright,copyright,,147,00A9,,147,132,*
registered,registered,registered,,152,00AE,,152,133,*
ordfeminine,ordfeminine,ordfeminine,,148,00AA,,148,134,*
guillemotleft,guillemetleft,guillemotleft,,149,00AB,,149,135,*
logicalnot,logicalnot,logicalnot,,150,00AC,,150,136,*
sfthyphen,softhyphen,uni00AD,sfthyphen,151,00AD,,151,137,*
degree,degree,degree,,155,00B0,,155,138,*
plusminus,plusminus,plusminus,,156,00B1,,156,139,*
asciicircum,asciicircum,asciicircum,,72,005E,,72,140,*
micro,micro,uni00B5,mu,160,00B5,,160,141,*
paragraph,paragraph,paragraph,,161,00B6,,161,142,*
periodcentered,periodcentered,periodcentered,,162,00B7,,162,143,*
ordmasculine,ordmasculine,ordmasculine,,166,00BA,,166,144,*
guillemotright,guillemetright,guillemotright,,167,00BB,,167,145,*
onesuperior,onesuperior,onesuperior,,165,00B9,,165,146,*
twosuperior,twosuperior,twosuperior,,157,00B2,,157,147,*
threesuperior,threesuperior,threesuperior,,158,00B3,,158,148,*
onehalf,onehalf,onehalf,,169,00BD,,169,149,*
onequarter,onequarter,onequarter,,168,00BC,,168,150,*
threequarters,threequarters,threequarters,,170,00BE,,170,151,*
questiondown,questiondown,questiondown,,171,00BF,,171,152,*
Agrave,Agrave,Agrave,,172,00C0,,172,153,*
Aacute,Aacute,Aacute,,173,00C1,,173,154,*
Acircumflex,Acircumflex,Acircumflex,,174,00C2,,174,155,*
Atilde,Atilde,Atilde,,175,00C3,,175,156,*
Adieresis,Adieresis,Adieresis,,176,00C4,,176,157,*
Aring,Aring,Aring,,177,00C5,,177,158,*
AE,AE,AE,,178,00C6,,178,159,*
Ccedilla,Ccedilla,Ccedilla,,179,00C7,,179,160,*
Egrave,Egrave,Egrave,,180,00C8,,180,161,*
Eacute,Eacute,Eacute,,181,00C9,,181,162,*
Ecircumflex,Ecircumflex,Ecircumflex,,182,00CA,,182,163,*
Edieresis,Edieresis,Edieresis,,183,00CB,,183,164,*
Igrave,Igrave,Igrave,,184,00CC,,184,165,*
Iacute,Iacute,Iacute,,185,00CD,,185,166,*
Icircumflex,Icircumflex,Icircumflex,,186,00CE,,186,167,*
Idieresis,Idieresis,Idieresis,,187,00CF,,187,168,*
Eth,Eth,Eth,,188,00D0,,188,169,*
Ntilde,Ntilde,Ntilde,,189,00D1,,189,170,*
Ograve,Ograve,Ograve,,190,00D2,,190,171,*
Oacute,Oacute,Oacute,,191,00D3,,191,172,*
Ocircumflex,Ocircumflex,Ocircumflex,,192,00D4,,192,173,*
Otilde,Otilde,Otilde,,193,00D5,,193,174,*
Odieresis,Odieresis,Odieresis,,194,00D6,,194,175,*
multiply,multiply,multiply,,195,00D7,,195,176,*
Oslash,Oslash,Oslash,,196,00D8,,196,177,*
Ugrave,Ugrave,Ugrave,,197,00D9,,197,178,*
Uacute,Uacute,Uacute,,198,00DA,,198,179,*
Ucircumflex,Ucircumflex,Ucircumflex,,199,00DB,,199,180,*
Udieresis,Udieresis,Udieresis,,200,00DC,,200,181,*
Yacute,Yacute,Yacute,,201,00DD,,201,182,*
Thorn,Thorn,Thorn,,202,00DE,,202,183,*
germandbls,germandbls,germandbls,,203,00DF,,203,184,*
agrave,agrave,agrave,,204,00E0,,204,185,*
aacute,aacute,aacute,,205,00E1,,205,186,*
acircumflex,acircumflex,acircumflex,,206,00E2,,206,187,*
atilde,atilde,atilde,,207,00E3,,207,188,*
adieresis,adieresis,adieresis,,208,00E4,,208,189,*
aring,aring,aring,,209,00E5,,209,190,*
ae,ae,ae,,210,00E6,,210,191,*
ccedilla,ccedilla,ccedilla,,211,00E7,,211,192,*
egrave,egrave,egrave,,212,00E8,,212,193,*
eacute,eacute,eacute,,213,00E9,,213,194,*
ecircumflex,ecircumflex,ecircumflex,,214,00EA,,214,195,*
edieresis,edieresis,edieresis,,215,00EB,,215,196,*
igrave,igrave,igrave,,216,00EC,,216,197,*
iacute,iacute,iacute,,217,00ED,,217,198,*
icircumflex,icircumflex,icircumflex,,218,00EE,,218,199,*
idieresis,idieresis,idieresis,,219,00EF,,219,200,*
eth,eth,eth,,220,00F0,,220,201,*
ntilde,ntilde,ntilde,,221,00F1,,221,202,*
ograve,ograve,ograve,,222,00F2,,222,203,*
oacute,oacute,oacute,,223,00F3,,223,204,*
ocircumflex,ocircumflex,ocircumflex,,224,00F4,,224,205,*
otilde,otilde,otilde,,225,00F5,,225,206,*
odieresis,odieresis,odieresis,,226,00F6,,226,207,*
divide,divide,divide,,227,00F7,,227,208,*
oslash,oslash,oslash,,228,00F8,,228,209,*
ugrave,ugrave,ugrave,,229,00F9,,229,210,*
uacute,uacute,uacute,,230,00FA,,230,211,*
ucircumflex,ucircumflex,ucircumflex,,231,00FB,,231,212,*
udieresis,udieresis,udieresis,,232,00FC,,232,213,*
yacute,yacute,yacute,,233,00FD,,233,214,*
thorn,thorn,thorn,,234,00FE,,234,215,*
ydieresis,ydieresis,ydieresis,,235,00FF,,235,216,*
dotlessi,idotless,dotlessi,,236,0131,,236,217,*
OE,OE,OE,,116,0152,,116,218,*
oe,oe,oe,,135,0153,,135,219,*
Scaron,Scaron,Scaron,,114,0160,,114,220,*
scaron,scaron,scaron,,133,0161,,133,221,*
Ydieresis,Ydieresis,Ydieresis,,137,0178,,137,222,*
Zcaron,Zcaron,Zcaron,,117,017D,,117,223,*
zcaron,zcaron,zcaron,,136,017E,,136,224,*
florin,florin,florin,,107,0192,,107,225,*
grave,grave,grave,,74,0060,,74,226,*
acute,acute,acute,,159,00B4,,159,227,*
circumflex,circumflex,circumflex,,112,02C6,,112,228,*
tilde,tilde,tilde,,131,02DC,,131,229,*
overscore,macron,macron,,153,00AF,,153,230,*
dieresis,dieresis,dieresis,,146,00A8,,146,231,*
ring,ring,ring,,119,02DA,,119,232,*
caron,caron,caron,,118,02C7,,118,233,*
cedilla,cedilla,cedilla,,164,00B8,,164,234,*
modMacron,firsttonechinese,uni02C9,firsttonechinese,154,02C9,,154,235,*
absHamza,hamza-ar,uni0621,,543,0621,AL,1000,236,*
absHighHamza,highhamza-ar,uni0674,,1146,0674,AL,1153,237,SHLM
absAlef,alef-ar,uni0627,,284,0627,AL,278,238,*
absAlefFin,alef-ar.fina,uni0627.fina,,560,,AL,295,239,*
absAlefFin.postLamIni,alef-ar.postLamIni.fina,uni0627.postLamIni.fina,,1480,,AL,1122,240,*
absAlefFin.postLamMed,alef-ar.postLamMed.fina,uni0627.postLamMed.fina,,1500,,AL,1141,241,*
absAlefHamzaAbove,alefHamzaabove-ar,uni0623,,280,0623,AL,281,242,SHLM
absAlefHamzaAboveFin,alefHamzaabove-ar.fina,uni0623.fina,,556,,AL,298,243,SHLM
absAlefHamzaAboveFin.postLamIni,alefHamzaabove-ar.postLamIni.fina,uni0623.postLamIni.fina,,1477,,AL,1125,244,SHLM
absAlefHamzaAboveFin.postLamMed,alefHamzaabove-ar.postLamMed.fina,uni0623.postLamMed.fina,,1497,,AL,1144,245,SHLM
absAlefHamzaAbove.warsh,alefHamzaabove-ar.warsh,uni0623.warsh,,281,,AL,282,246,H
absAlefHamzaAboveFin.warsh,alefHamzaabove-ar.warsh.fina,uni0623.warsh.fina,,557,,AL,299,247,H
absAlefHamzaBelow,alefHamzabelow-ar,uni0625,,282,0625,AL,283,248,SHLM
absAlefHamzaBelowFin,alefHamzabelow-ar.fina,uni0625.fina,,558,,AL,300,249,SHLM
absAlefHamzaBelowFin.postLamIni,alefHamzabelow-ar.postLamIni.fina,uni0625.postLamIni.fina,,1479,,AL,1127,250,SHLM
absAlefHamzaBelowFin.postLamMed,alefHamzabelow-ar.postLamMed.fina,uni0625.postLamMed.fina,,1499,,AL,1146,251,SHLM
absAlefHamzaBelow.warsh,alefHamzabelow-ar.warsh,uni0625.warsh,,283,,AL,284,252,H
absAlefHamzaBelowFin.warsh,alefHamzabelow-ar.warsh.fina,uni0625.warsh.fina,,559,,AL,301,253,H
absAlefMaddaAbove,alefMadda-ar,uni0622,,278,0622,AL,279,262,SHLM
absAlefMaddaAboveFin,alefMadda-ar.fina,uni0622.fina,,554,,AL,296,263,SHLM
absAlefMaddaAboveFin.postLamIni,alefMadda-ar.postLamIni.fina,uni0622.postLamIni.fina,,1475,,AL,1123,264,SHLM
absAlefMaddaAboveFin.postLamMed,alefMadda-ar.postLamMed.fina,uni0622.postLamMed.fina,,1495,,AL,1142,265,SHLM
absAlefMaddaAbove.small,alefMadda-ar.small,uni0622.small,,279,,AL,280,266,SH
absAlefMaddaAboveFin.small,alefMadda-ar.small.fina,uni0622.small.fina,,555,,AL,297,267,SH
absAlefMaddaAboveFin.postLamIni.small,alefMadda-ar.postLamIni.small.fina,uni0622.postLamIni.small.fina,,1476,,AL,1124,268,SH
absAlefMaddaAboveFin.postLamMed.small,alefMadda-ar.postLamMed.small.fina,uni0622.postLamMed.small.fina,,1496,,AL,1143,269,SH
absAlefWasla,alefWasla-ar,uni0671,,288,0671,AL,288,270,SHL
absAlefWaslaFin,alefWasla-ar.fina,uni0671.fina,,564,,AL,305,271,SHL
absAlefWaslaFin.postLamIni,alefWasla-ar.postLamIni.fina,uni0671.postLamIni.fina,,1484,,AL,1131,272,SHL
absAlefWaslaFin.postLamMed,alefWasla-ar.postLamMed.fina,uni0671.postLamMed.fina,,1504,,AL,1150,273,SHL
absAlefFatha,alef_fatha-ar,uni0627_uni064E,,291,,AL,291,286,H
absAlefFatha.warsh,alef_fatha-ar.warsh,uni0627_uni064E.warsh,,292,,AL,292,287,H
absAlefKasra,alef_kasra-ar,uni0627_uni0650,,293,,AL,293,288,H
absAlefKasra.warsh,alef_kasra-ar.warsh,uni0627_uni0650.warsh,,294,,AL,294,289,H
absBehNoDots,behDotless-ar,uni066E,,389,066E,AL,477,290,*
absBehNoDotsFin,behDotless-ar.fina,uni066E.fina,,646,,AL,500,291,*
absBehNoDotsMed,behDotless-ar.medi,uni066E.medi,,830,,AL,1058,292,*
absBehNoDotsIni,behDotless-ar.init,uni066E.init,,1005,,AL,1004,293,*
absBeh,beh-ar,uni0628,,390,0628,AL,478,294,SHLM
absBehFin,beh-ar.fina,uni0628.fina,,647,,AL,501,295,SHLM
absBehMed,beh-ar.medi,uni0628.medi,,831,,AL,1090,296,SHLM
absBehIni,beh-ar.init,uni0628.init,,1006,,AL,1036,297,SHLM
absPeh,peh-ar,uni067E,,398,067E,AL,486,298,SHLM
absPehFin,peh-ar.fina,uni067E.fina,,655,,AL,509,299,SHLM
absPehMed,peh-ar.medi,uni067E.medi,,839,,AL,1098,300,SHLM
absPehIni,peh-ar.init,uni067E.init,,1014,,AL,1044,301,SHLM
absBeeh,beeh-ar,uni067B,,395,067B,AL,483,302,SHLM
absBeehFin,beeh-ar.fina,uni067B.fina,,652,,AL,506,303,SHLM
absBeehMed,beeh-ar.medi,uni067B.medi,,836,,AL,1095,304,SHLM
absBeehIni,beeh-ar.init,uni067B.init,,1011,,AL,1041,305,SHLM
absTeh,teh-ar,uni062A,,391,062A,AL,479,310,SHLM
absTehFin,teh-ar.fina,uni062A.fina,,648,,AL,502,311,SHLM
absTehMed,teh-ar.medi,uni062A.medi,,832,,AL,1091,312,SHLM
absTehIni,teh-ar.init,uni062A.init,,1007,,AL,1037,313,SHLM
absTehRing,tehRing-ar,uni067C,,396,067C,AL,484,314,SHL
absTehRingFin,tehRing-ar.fina,uni067C.fina,,653,,AL,507,315,SHL
absTehRingMed,tehRing-ar.medi,uni067C.medi,,837,,AL,1096,316,SHL
absTehRingIni,tehRing-ar.init,uni067C.init,,1012,,AL,1042,317,SHL
absTehThreeDotsAboveDownwards,tehThreedotsdown-ar,uni067D,,397,067D,AL,485,318,SHL
absTehThreeDotsAboveDownwardsFin,tehThreedotsdown-ar.fina,uni067D.fina,,654,,AL,508,319,SHL
absTehThreeDotsAboveDownwardsMed,tehThreedotsdown-ar.medi,uni067D.medi,,838,,AL,1097,320,SHL
absTehThreeDotsAboveDownwardsIni,tehThreedotsdown-ar.init,uni067D.init,,1013,,AL,1043,321,SHL
absTheh,theh-ar,uni062B,,392,062B,AL,480,322,SHLM
absThehFin,theh-ar.fina,uni062B.fina,,649,,AL,503,323,SHLM
absThehMed,theh-ar.medi,uni062B.medi,,833,,AL,1092,324,SHLM
absThehIni,theh-ar.init,uni062B.init,,1008,,AL,1038,325,SHLM
absTteheh,tteheh-ar,uni067A,,394,067A,AL,482,330,SHL
absTtehehFin,tteheh-ar.fina,uni067A.fina,,651,,AL,505,331,SHL
absTtehehMed,tteheh-ar.medi,uni067A.medi,,835,,AL,1094,332,SHL
absTtehehIni,tteheh-ar.init,uni067A.init,,1010,,AL,1040,333,SHL
absBehThreeDotsHorizBelow,behThreedotshorizontalbelow-ar,uni0750,,402,0750,AL,490,338,SHL
absBehThreeDotsHorizBelowFin,behThreedotshorizontalbelow-ar.fina,uni0750.fina,,659,,AL,513,339,SHL
absBehThreeDotsHorizBelowMed,behThreedotshorizontalbelow-ar.medi,uni0750.medi,,843,,AL,1102,340,SHL
absBehThreeDotsHorizBelowIni,behThreedotshorizontalbelow-ar.init,uni0750.init,,1018,,AL,1048,341,SHL
absBehThreeDotsAboveDotBelow,behThreedotsupabove-ar,uni0751,,403,0751,AL,491,342,SHL
absBehThreeDotsAboveDotBelowFin,behThreedotsupabove-ar.fina,uni0751.fina,,660,,AL,514,343,SHL
absBehThreeDotsAboveDotBelowMed,behThreedotsupabove-ar.medi,uni0751.medi,,844,,AL,1103,344,SHL
absBehThreeDotsAboveDotBelowIni,behThreedotsupabove-ar.init,uni0751.init,,1019,,AL,1049,345,SHL
absBehThreeDotsUpwardBelow,behThreedotsupbelow-ar,uni0752,,404,0752,AL,492,347,H
absBehThreeDotsUpwardBelowFin,behThreedotsupbelow-ar.fina,uni0752.fina,,661,,AL,515,349,H
absBehThreeDotsUpwardBelowMed,behThreedotsupbelow-ar.medi,uni0752.medi,,845,,AL,1104,351,H
absBehThreeDotsUpwardBelowIni,behThreedotsupbelow-ar.init,uni0752.init,,1020,,AL,1050,353,H
absBehTwoDotsAboveThreeDotsUpwardBelow,tehThreedotsupbelow-ar,uni0753,,405,0753,AL,493,355,H
absBehTwoDotsAboveThreeDotsUpwardBelowFin,tehThreedotsupbelow-ar.fina,uni0753.fina,,662,,AL,516,357,H
absBehTwoDotsAboveThreeDotsUpwardBelowMed,tehThreedotsupbelow-ar.medi,uni0753.medi,,846,,AL,1105,359,H
absBehTwoDotsAboveThreeDotsUpwardBelowIni,tehThreedotsupbelow-ar.init,uni0753.init,,1021,,AL,1051,361,H
absBehDotAboveTwoDotsBelow,behTwodotsbelowDotabove-ar,uni0754,,406,0754,AL,494,362,SHL
absBehDotAboveTwoDotsBelowFin,behTwodotsbelowDotabove-ar.fina,uni0754.fina,,663,,AL,517,363,SHL
absBehDotAboveTwoDotsBelowMed,behTwodotsbelowDotabove-ar.medi,uni0754.medi,,847,,AL,1106,364,SHL
absBehDotAboveTwoDotsBelowIni,behTwodotsbelowDotabove-ar.init,uni0754.init,,1022,,AL,1052,365,SHL
absBehInvSmallVBelow,behVinvertedbelow-ar,uni0755,,407,0755,AL,495,366,SHLM
absBehInvSmallVBelowFin,behVinvertedbelow-ar.fina,uni0755.fina,,664,,AL,518,367,SHLM
absBehInvSmallVBelowMed,behVinvertedbelow-ar.medi,uni0755.medi,,848,,AL,1107,368,SHLM
absBehInvSmallVBelowIni,behVinvertedbelow-ar.init,uni0755.init,,1023,,AL,1053,369,SHLM
absBehSmallVAbove,behVabove-ar,uni0756,,408,0756,AL,496,370,SHLM
absBehSmallVAboveFin,behVabove-ar.fina,uni0756.fina,,665,,AL,519,371,SHLM
absBehSmallVAboveMed,behVabove-ar.medi,uni0756.medi,,849,,AL,1108,372,SHLM
absBehSmallVAboveIni,behVabove-ar.init,uni0756.init,,1024,,AL,1054,373,SHLM
absBehSmallVBelow,behVbelow-ar,uni08A0,,409,08A0,AL,497,374,SHM
absBehSmallVBelowFin,behVbelow-ar.fina,uni08A0.fina,,666,,AL,520,375,SHM
absBehSmallVBelowMed,behVbelow-ar.medi,uni08A0.medi,,850,,AL,1109,376,SHM
absBehSmallVBelowIni,behVbelow-ar.init,uni08A0.init,,1025,,AL,1055,377,SHM
absBehHamzaAbove,behhamzaabove-ar,uni08A1,,410,08A1,AL,498,378,SHM
absBehHamzaAboveFin,behhamzaabove-ar.fina,uni08A1.fina,,667,,AL,521,379,SHM
absBehHamzaAboveMed,behhamzaabove-ar.medi,uni08A1.medi,,851,,AL,1110,380,SHM
absBehHamzaAboveIni,behhamzaabove-ar.init,uni08A1.init,,1026,,AL,1056,381,SHM
absBehNoDotsTehAbove,tehTehabove-ar,uni08B8,,411.1,08B8,AL,499.1,382,SH
absBehNoDotsTehAboveFin,tehTehabove-ar.fina,uni08B8.fina,,668.1,,AL,522.1,383,SH
absBehNoDotsTehAboveMed,tehTehabove-ar.medi,uni08B8.medi,,852.1,,AL,1111.1,384,SH
absBehNoDotsTehAboveIni,tehTehabove-ar.init,uni08B8.init,,1027.1,,AL,1057.1,385,SH
absBehSmallMeemAbove,behMeemabove-ar,uni08B6,,411,08B6,AL,499,386,SH
absBehSmallMeemAboveFin,behMeemabove-ar.fina,uni08B6.fina,,668,,AL,522,387,SH
absBehSmallMeemAboveMed,behMeemabove-ar.medi,uni08B6.medi,,852,,AL,1111,388,SH
absBehSmallMeemAboveIni,behMeemabove-ar.init,uni08B6.init,,1027,,AL,1057,389,SH
absPehSmallMeemAbove,pehMeemabove-ar,uni08B7,,399,08B7,AL,487,390,SH
absPehSmallMeemAboveFin,pehMeemabove-ar.fina,uni08B7.fina,,656,,AL,510,391,SH
absPehSmallMeemAboveMed,pehMeemabove-ar.medi,uni08B7.medi,,840,,AL,1099,392,SH
absPehSmallMeemAboveIni,pehMeemabove-ar.init,uni08B7.init,,1015,,AL,1045,393,SH
absJeem,jeem-ar,uni062C,,412,062C,AL,523,394,SHLM
absJeemFin,jeem-ar.fina,uni062C.fina,,669,,AL,541,395,SHLM
absJeemMed,jeem-ar.medi,uni062C.medi,,853,,AL,578,396,SHLM
absJeemIni,jeem-ar.init,uni062C.init,,1028,,AL,560,397,SHLM
absJeemMed.hand,jeem-ar.medi.hand,uni062C.medi.hand,,854,,AL,595,398,H
absTcheh,tcheh-ar,uni0686,,420,0686,AL,531,399,SHL
absTchehFin,tcheh-ar.fina,uni0686.fina,,677,,AL,549,400,SHL
absTchehMed,tcheh-ar.medi,uni0686.medi,,868,,AL,585,401,SHL
absTchehIni,tcheh-ar.init,uni0686.init,,1036,,AL,567,402,SHL
absTchehMed.hand,tcheh-ar.medi.hand,uni0686.medi.hand,,869,,AL,602,403,H
absTcheheh,tcheheh-ar,uni0687,,421,0687,AL,532,404,SHL
absTchehehFin,tcheheh-ar.fina,uni0687.fina,,678,,AL,550,405,SHL
absTchehehMed,tcheheh-ar.medi,uni0687.medi,,870.1,,AL,586.1,406,SHL
absTchehehIni,tcheheh-ar.init,uni0687.init,,1037,,AL,568,407,SHL
absTchehehMed.hand,tcheheh-ar.medi.hand,uni0687.medi.hand,,870.2,,AL,586.2,408,SHL
absTchehDotAbove,tchehDotabove-ar,uni06BF,,422,06BF,AL,533,409,SHL
absTchehDotAboveFin,tchehDotabove-ar.fina,uni06BF.fina,,679,,AL,551,410,SHL
absTchehDotAboveMed,tchehDotabove-ar.medi,uni06BF.medi,,871,,AL,587,411,SHL
absTchehDotAboveIni,tchehDotabove-ar.init,uni06BF.init,,1038,,AL,569,412,SHL
absTchehDotAboveMed.hand,tchehDotabove-ar.medi.hand,uni06BF.medi.hand,,872,,AL,603,413,H
absNyeh,nyeh-ar,uni0683,,417,0683,AL,528,414,SHLM
absNyehFin,nyeh-ar.fina,uni0683.fina,,674,,AL,546,415,SHLM
absNyehMed,nyeh-ar.medi,uni0683.medi,,862,,AL,582,416,SHLM
absNyehIni,nyeh-ar.init,uni0683.init,,1033,,AL,564,417,SHLM
absNyehMed.hand,nyeh-ar.medi.hand,uni0683.medi.hand,,863,,AL,599,418,H
absDyeh,dyeh-ar,uni0684,,418,0684,AL,529,419,SHL
absDyehFin,dyeh-ar.fina,uni0684.fina,,675,,AL,547,420,SHL
absDyehMed,dyeh-ar.medi,uni0684.medi,,864,,AL,583,421,SHL
absDyehIni,dyeh-ar.init,uni0684.init,,1034,,AL,565,422,SHL
absDyehMed.hand,dyeh-ar.medi.hand,uni0684.medi.hand,,865,,AL,600,423,H
absHah,hah-ar,uni062D,,413,062D,AL,524,424,*
absHahFin,hah-ar.fina,uni062D.fina,,670,,AL,542,425,*
absHahMed,hah-ar.medi,uni062D.medi,,855,,AL,577,426,*
absHahIni,hah-ar.init,uni062D.init,,1029,,AL,559,427,*
absHahMed.hand,hah-ar.medi.hand,uni062D.medi.hand,,856,,AL,596,428,H
absHahHamzaAbove,hahHamzaabove-ar,uni0681,,415,0681,AL,526,429,SHL
absHahHamzaAboveFin,hahHamzaabove-ar.fina,uni0681.fina,,672,,AL,544,430,SHL
absHahHamzaAboveMed,hahHamzaabove-ar.medi,uni0681.medi,,859.1,,AL,580.1,431,SHL
absHahHamzaAboveIni,hahHamzaabove-ar.init,uni0681.init,,1031,,AL,562,432,SHL
absHahHamzaAboveMed.hand,hahHamzaabove-ar.medi.hand,uni0681.medi.hand,,859.2,,AL,580.2,433,SHL
absHahTwoDotsVerticalAbove,hahTwodotsverticalabove-ar,uni0682,,416,0682,AL,527,434,SHL
absHahTwoDotsVerticalAboveFin,hahTwodotsverticalabove-ar.fina,uni0682.fina,,673,,AL,545,435,SHL
absHahTwoDotsVerticalAboveMed,hahTwodotsverticalabove-ar.medi,uni0682.medi,,860,,AL,581,436,SHL
absHahTwoDotsVerticalAboveIni,hahTwodotsverticalabove-ar.init,uni0682.init,,1032,,AL,563,437,SHL
absHahTwoDotsVerticalAboveMed.hand,hahTwodotsverticalabove-ar.medi.hand,uni0682.medi.hand,,861,,AL,598,438,H
absHahTwoDotsAbove,hahTwodotshorizontalabove-ar,uni0757,,428,0757,AL,537,439,SHL
absHahTwoDotsAboveFin,hahTwodotshorizontalabove-ar.fina,uni0757.fina,,685,,AL,555,440,SHL
absHahTwoDotsAboveMed,hahTwodotshorizontalabove-ar.medi,uni0757.medi,,878,,AL,591,441,SHL
absHahTwoDotsAboveIni,hahTwodotshorizontalabove-ar.init,uni0757.init,,1044,,AL,573,442,SHL
absHahTwoDotsAboveMed.hand,hahTwodotshorizontalabove-ar.medi.hand,uni0757.medi.hand,,879,,AL,604,443,H
absHahThreeDotsAbove,hahThreedotsabove-ar,uni0685,,419,0685,AL,530,444,SHL
absHahThreeDotsAboveFin,hahThreedotsabove-ar.fina,uni0685.fina,,676,,AL,548,445,SHL
absHahThreeDotsAboveMed,hahThreedotsabove-ar.medi,uni0685.medi,,866,,AL,584,446,SHL
absHahThreeDotsAboveIni,hahThreedotsabove-ar.init,uni0685.init,,1035,,AL,566,447,SHL
absHahThreeDotsAboveMed.hand,hahThreedotsabove-ar.medi.hand,uni0685.medi.hand,,867,,AL,601,448,H
absHahThreeDotsUpwardBelow,hahThreedotsupbelow-ar,uni0758,,429,0758,AL,538,450,H
absHahThreeDotsUpwardBelowFin,hahThreedotsupbelow-ar.fina,uni0758.fina,,686,,AL,556,452,H
absHahThreeDotsUpwardBelowMed,hahThreedotsupbelow-ar.medi,uni0758.medi,,880,,AL,592,454,H
absHahThreeDotsUpwardBelowIni,hahThreedotsupbelow-ar.init,uni0758.init,,1045,,AL,574,456,H
absHahThreeDotsUpwardBelowMed.hand,hahThreedotsupbelow-ar.medi.hand,uni0758.medi.hand,,881,,AL,605,457,H
absKhah,khah-ar,uni062E,,414,062E,AL,525,458,SHLM
absKhahFin,khah-ar.fina,uni062E.fina,,671,,AL,543,459,SHLM
absKhahMed,khah-ar.medi,uni062E.medi,,857,,AL,579,460,SHLM
absKhahIni,khah-ar.init,uni062E.init,,1030,,AL,561,461,SHLM
absKhahMed.hand,khah-ar.medi.hand,uni062E.medi.hand,,858,,AL,597,462,H
absJeemTwoDotsAbove,jeemTwodotsabove-ar,uni08A2,,431,08A2,AL,540,479,SH
absJeemTwoDotsAboveFin,jeemTwodotsabove-ar.fina,uni08A2.fina,,688,,AL,558,480,SH
absJeemTwoDotsAboveMed,jeemTwodotsabove-ar.medi,uni08A2.medi,,883,,AL,594,481,SH
absJeemTwoDotsAboveIni,jeemTwodotsabove-ar.init,uni08A2.init,,1047,,AL,576,482,SH
absJeemTwoDotsAboveMed.hand,jeemTwodotsabove-ar.medi.hand,uni08A2.medi.hand,,884,,AL,606,483,H
absDal,dal-ar,uni062F,,314,062F,AL,346,484,*
absDalFin,dal-ar.fina,uni062F.fina,,586,,AL,376,485,*
absThal,thal-ar,uni0630,,315,0630,AL,347,487,SHLM
absThalFin,thal-ar.fina,uni0630.fina,,587,,AL,377,488,SHLM
absDahal,dahal-ar,uni068C,,320,068C,AL,352,493,SHL
absDahalFin,dahal-ar.fina,uni068C.fina,,592,,AL,382,494,SHL
absDdahal,ddahal-ar,uni068D,,321,068D,AL,353,496,SHL
absDdahalFin,ddahal-ar.fina,uni068D.fina,,593,,AL,383,497,SHL
absDalRing,dalRing-ar,uni0689,,317,0689,AL,349,499,SHL
absDalRingFin,dalRing-ar.fina,uni0689.fina,,589,,AL,379,500,SHL
absDalDotBelow,dalDotbelow-ar,uni068A,,318,068A,AL,350,502,SHL
absDalDotBelowFin,dalDotbelow-ar.fina,uni068A.fina,,590,,AL,380,503,SHL
absDalDotBelowSmallTah,dalDotbelowTah-ar,uni068B,,319,068B,AL,351,505,SHL
absDalDotBelowSmallTahFin,dalDotbelowTah-ar.fina,uni068B.fina,,591,,AL,381,506,SHL
absDul,dul-ar,uni068E,,322,068E,AL,354,508,SHL
absDulFin,dul-ar.fina,uni068E.fina,,594,,AL,384,509,SHL
absDalThreeDotsAboveDownwards,dalThreedotsdown-ar,uni068F,,323,068F,AL,355,511,SHL
absDalThreeDotsAboveDownwardsFin,dalThreedotsdown-ar.fina,uni068F.fina,,595,,AL,385,512,SHL
absDalHat,dalVinvertedabove-ar,uni06EE,,325,06EE,AL,357,517,SHL
absDalHatFin,dalVinvertedabove-ar.fina,uni06EE.fina,,597,,AL,387,518,SHL
absDalInvSmallVBelow,dalVinvertedbelow-ar,uni075A,,327,075A,AL,359,523,SHL
absDalInvSmallVBelowFin,dalVinvertedbelow-ar.fina,uni075A.fina,,599,,AL,389,524,SHL
absDalThreeDotsBelow,dalThreedotsbelow-ar,uni08AE,,328,08AE,AL,360,526,SH
absDalThreeDotsBelowFin,dalThreedotsbelow-ar.fina,uni08AE.fina,,600,,AL,390,527,SH
absReh,reh-ar,uni0631,,344,0631,AL,391,529,*
absRehFin,reh-ar.fina,uni0631.fina,,601,,AL,409,530,*
absZain,zain-ar,uni0632,,345,0632,AL,392,531,SHLM
absZainFin,zain-ar.fina,uni0632.fina,,602,,AL,410,532,SHLM
absZainHat,zainVinvertedabove-ar,uni08B2,,360,08B2,AL,406,533,SHL
absZainHatFin,zainVinvertedabove-ar.fina,uni08B2.fina,,617,,AL,424,534,SHL
absRehSmallV,rehv-ar,uni0692,,348,0692,AL,395,537,SHL
absRehSmallVFin,rehv-ar.fina,uni0692.fina,,605,,AL,413,538,SHL
absRehDotBelow,rehDotbelow-ar,uni0694,,350,0694,AL,397,541,SHL
absRehDotBelowFin,rehDotbelow-ar.fina,uni0694.fina,,607,,AL,415,542,SHL
absRehSmallVBelow,rehVbelow-ar,uni0695,,351,0695,AL,398,543,SHL
absRehSmallVBelowFin,rehVbelow-ar.fina,uni0695.fina,,608,,AL,416,544,SHL
absRehDotBelowDotAbove,rehDotbelowdotabove-ar,uni0696,,352,0696,AL,399,545,SHL
absRehDotBelowDotAboveFin,rehDotbelowdotabove-ar.fina,uni0696.fina,,609,,AL,417,546,SHL
absRehTwoDotsAbove,rehTwodots-ar,uni0697,,353,0697,AL,400,547,SHL
absRehTwoDotsAboveFin,rehTwodots-ar.fina,uni0697.fina,,610,,AL,418,548,SHL
absJeh,jeh-ar,uni0698,,354,0698,AL,401,549,SHLM
absJehFin,jeh-ar.fina,uni0698.fina,,611,,AL,419,550,SHLM
absRehFourDotsAbove,rehFourdots-ar,uni0699,,355,0699,AL,402,551,SHL
absRehFourDotsAboveFin,rehFourdots-ar.fina,uni0699.fina,,612,,AL,420,552,SHL
absRehHat,rehVinvertedabove-ar,uni06EF,,361,06EF,AL,407,553,SHL
absRehHatFin,rehVinvertedabove-ar.fina,uni06EF.fina,,618,,AL,425,554,SHL
absRehBar,rehStroke-ar,uni075B,,362,075B,AL,408,555,SHL
absRehBarFin,rehStroke-ar.fina,uni075B.fina,,619,,AL,426,556,SHL
absRehTwoVertAbove,rehTwodotsverticalabove-ar,uni076B,,356,076B,AL,403,557,SHL
absRehTwoVertAboveFin,rehTwodotsverticalabove-ar.fina,uni076B.fina,,613,,AL,421,558,SHL
absRehSmallNoonAbove,rehNoonabove-ar,uni08B9,,347,08B9,AL,394,563,SH
absRehSmallNoonAboveFin,rehNoonabove-ar.fina,uni08B9.fina,,604,,AL,412,564,SH
absSmallHighRehHahMark,rehHahabove-ar,uni0612,,1247,0612,NSM,1235,567,SH
absSmallHighRehDadMark,rehDadabove-ar,uni0613,,1248,0613,NSM,1236,568,SH
absSeen,seen-ar,uni0633,,432,0633,AL,607,569,*
absSeenFin,seen-ar.fina,uni0633.fina,,689,,AL,618,570,*
absSeenMed,seen-ar.medi,uni0633.medi,,885,,AL,640,571,*
absSeenIni,seen-ar.init,uni0633.init,,1048,,AL,629,572,*
absSeenDotBelowDotAbove,seenDotbelowDotabove-ar,uni069A,,434,069A,AL,609,573,SHL
absSeenDotBelowDotAboveFin,seenDotbelowDotabove-ar.fina,uni069A.fina,,691,,AL,620,574,SHL
absSeenDotBelowDotAboveMed,seenDotbelowDotabove-ar.medi,uni069A.medi,,887,,AL,642,575,SHL
absSeenDotBelowDotAboveIni,seenDotbelowDotabove-ar.init,uni069A.init,,1050,,AL,631,576,SHL
absSeenThreeDotsBelow,seenThreedotsbelow-ar,uni069B,,435,069B,AL,610,577,SHL
absSeenThreeDotsBelowFin,seenThreedotsbelow-ar.fina,uni069B.fina,,692,,AL,621,578,SHL
absSeenThreeDotsBelowMed,seenThreedotsbelow-ar.medi,uni069B.medi,,888,,AL,643,579,SHL
absSeenThreeDotsBelowIni,seenThreedotsbelow-ar.init,uni069B.init,,1051,,AL,632,580,SHL
absSheen,sheen-ar,uni0634,,433,0634,AL,608,581,SHLM
absSheenFin,sheen-ar.fina,uni0634.fina,,690,,AL,619,582,SHLM
absSheenMed,sheen-ar.medi,uni0634.medi,,886,,AL,641,583,SHLM
absSheenIni,sheen-ar.init,uni0634.init,,1049,,AL,630,584,SHLM
absSheenDotBelow,sheenDotbelow-ar,uni06FA,,437,06FA,AL,612,585,SHL
absSheenDotBelowFin,sheenDotbelow-ar.fina,uni06FA.fina,,694,,AL,623,586,SHL
absSheenDotBelowMed,sheenDotbelow-ar.medi,uni06FA.medi,,890,,AL,645,587,SHL
absSheenDotBelowIni,sheenDotbelow-ar.init,uni06FA.init,,1053,,AL,634,588,SHL
absSeenThreeDotsBelowThreeDotsAbove,sheenThreedotsbelow-ar,uni069C,,436,069C,AL,611,589,SHL
absSeenThreeDotsBelowThreeDotsAboveFin,sheenThreedotsbelow-ar.fina,uni069C.fina,,693,,AL,622,590,SHL
absSeenThreeDotsBelowThreeDotsAboveMed,sheenThreedotsbelow-ar.medi,uni069C.medi,,889,,AL,644,591,SHL
absSeenThreeDotsBelowThreeDotsAboveIni,sheenThreedotsbelow-ar.init,uni069C.init,,1052,,AL,633,592,SHL
absSeenTwoVertAbove,seenTwodotshorizontalabove-ar,uni076D,,441,076D,AL,615,597,SHL
absSeenTwoVertAboveFin,seenTwodotshorizontalabove-ar.fina,uni076D.fina,,698,,AL,626,598,SHL
absSeenTwoVertAboveMed,seenTwodotshorizontalabove-ar.medi,uni076D.medi,,894,,AL,648,599,SHL
absSeenTwoVertAboveIni,seenTwodotshorizontalabove-ar.init,uni076D.init,,1057,,AL,637,600,SHL
absSeenInvertedV,seenVinvertedabove-ar,uni077E,,443,077E,AL,617,609,SH
absSeenInvertedVFin,seenVinvertedabove-ar.fina,uni077E.fina,,700,,AL,628,610,SH
absSeenInvertedVMed,seenVinvertedabove-ar.medi,uni077E.medi,,896,,AL,650,611,SH
absSeenInvertedVIni,seenVinvertedabove-ar.init,uni077E.init,,1059,,AL,639,612,SH
absSad,sad-ar,uni0635,,444,0635,AL,651,613,*
absSadFin,sad-ar.fina,uni0635.fina,,701,,AL,663,614,*
absSadMed,sad-ar.medi,uni0635.medi,,897,,AL,681,615,*
absSadIni,sad-ar.init,uni0635.init,,1060,,AL,675,616,*
absSad.half,sad-ar.half,uni0635.half,,445,,AL,657,617,H
absSadFin.half,sad-ar.half.fina,uni0635.half.fina,,702,,AL,669,618,H
absSadTwoDotsBelow,sadTwodotsbelow-ar,uni069D,,448,069D,AL,653,619,SHL
absSadTwoDotsBelowFin,sadTwodotsbelow-ar.fina,uni069D.fina,,705,,AL,665,620,SHL
absSadTwoDotsBelowMed,sadTwodotsbelow-ar.medi,uni069D.medi,,899,,AL,683,621,SHL
absSadTwoDotsBelowIni,sadTwodotsbelow-ar.init,uni069D.init,,1062,,AL,677,622,SHL
absSadTwoDotsBelow.half,sadTwodotsbelow-ar.half,uni069D.half,,449,,AL,659,623,H
absSadTwoDotsBelowFin.half,sadTwodotsbelow-ar.half.fina,uni069D.half.fina,,706,,AL,671,624,H
absSadThreeDotsAbove,sadThreedots-ar,uni069E,,450,069E,AL,654,625,SHL
absSadThreeDotsAboveFin,sadThreedots-ar.fina,uni069E.fina,,707,,AL,666,626,SHL
absSadThreeDotsAboveMed,sadThreedots-ar.medi,uni069E.medi,,900,,AL,684,627,SHL
absSadThreeDotsAboveIni,sadThreedots-ar.init,uni069E.init,,1063,,AL,678,628,SHL
absSadThreeDotsAbove.half,sadThreedots-ar.half,uni069E.half,,451,,AL,660,629,H
absSadThreeDotsAboveFin.half,sadThreedots-ar.half.fina,uni069E.half.fina,,708,,AL,672,630,H
absSadThreeDotsBelow,sadThreedotsbelow-ar,uni08AF,,454,08AF,AL,656,631,SH
absSadThreeDotsBelowFin,sadThreedotsbelow-ar.fina,uni08AF.fina,,711,,AL,668,632,SH
absSadThreeDotsBelowMed,sadThreedotsbelow-ar.medi,uni08AF.medi,,902,,AL,686,633,SH
absSadThreeDotsBelowIni,sadThreedotsbelow-ar.init,uni08AF.init,,1065,,AL,680,634,SH
absSadThreeDotsBelow.half,sadThreedotsbelow-ar.half,uni08AF.half,,455,,AL,662,635,H
absSadThreeDotsBelowFin.half,sadThreedotsbelow-ar.half.fina,uni08AF.half.fina,,712,,AL,674,636,H
absDad,dad-ar,uni0636,,446,0636,AL,652,637,SHLM
absDadFin,dad-ar.fina,uni0636.fina,,703,,AL,664,638,SHLM
absDadMed,dad-ar.medi,uni0636.medi,,898,,AL,682,639,SHLM
absDadIni,dad-ar.init,uni0636.init,,1061,,AL,676,640,SHLM
absDad.half,dad-ar.half,uni0636.half,,447,,AL,658,641,H
absDadFin.half,dad-ar.half.fina,uni0636.half.fina,,704,,AL,670,642,H
absDadDotBelow,dadDotbelow-ar,uni06FB,,452,06FB,AL,655,643,SHL
absDadDotBelowFin,dadDotbelow-ar.fina,uni06FB.fina,,709,,AL,667,644,SHL
absDadDotBelowMed,dadDotbelow-ar.medi,uni06FB.medi,,901,,AL,685,645,SHL
absDadDotBelowIni,dadDotbelow-ar.init,uni06FB.init,,1064,,AL,679,646,SHL
absDadDotBelow.half,dadDotbelow-ar.half,uni06FB.half,,453,,AL,661,647,H
absDadDotBelowFin.half,dadDotbelow-ar.half.fina,uni06FB.half.fina,,710,,AL,673,648,H
absTah,tah-ar,uni0637,,456,0637,AL,687,649,*
absTahFin,tah-ar.fina,uni0637.fina,,713,,AL,691,650,*
absTahMed,tah-ar.medi,uni0637.medi,,903,,AL,699,651,*
absTahIni,tah-ar.init,uni0637.init,,1066,,AL,695,652,*
absTahThreeDotsAbove,tahThreedots-ar,uni069F,,458,069F,AL,689,653,SHLM
absTahThreeDotsAboveFin,tahThreedots-ar.fina,uni069F.fina,,715,,AL,693,654,SHLM
absTahThreeDotsAboveMed,tahThreedots-ar.medi,uni069F.medi,,905,,AL,701,655,SHLM
absTahThreeDotsAboveIni,tahThreedots-ar.init,uni069F.init,,1068,,AL,697,656,SHLM
absZah,zah-ar,uni0638,,457,0638,AL,688,657,SHLM
absZahFin,zah-ar.fina,uni0638.fina,,714,,AL,692,658,SHLM
absZahMed,zah-ar.medi,uni0638.medi,,904,,AL,700,659,SHLM
absZahIni,zah-ar.init,uni0638.init,,1067,,AL,696,660,SHLM
absTahTwoDotsAbove,tahTwodotsabove-ar,uni08A3,,459,08A3,AL,690,661,SH
absTahTwoDotsAboveFin,tahTwodotsabove-ar.fina,uni08A3.fina,,716,,AL,694,662,SH
absTahTwoDotsAboveMed,tahTwodotsabove-ar.medi,uni08A3.medi,,906,,AL,702,663,SH
absTahTwoDotsAboveIni,tahTwodotsabove-ar.init,uni08A3.init,,1069,,AL,698,664,SH
absAin,ain-ar,uni1D25,,460,0639,AL,703,665,*
absAinFin,ain-ar.fina,uni1D25.fina,,717,,AL,711,666,*
absAinMed,ain-ar.medi,uni1D25.medi,,907,,AL,727,667,*
absAinIni,ain-ar.init,uni1D25.init,,1070,,AL,719,668,*
absAinThreeDotsAbove,ainThreedots-ar,uni06A0,,462,06A0,AL,705,669,SHLM
absAinThreeDotsAboveFin,ainThreedots-ar.fina,uni06A0.fina,,719,,AL,713,670,SHLM
absAinThreeDotsAboveMed,ainThreedots-ar.medi,uni06A0.medi,,909,,AL,729,671,SHLM
absAinThreeDotsAboveIni,ainThreedots-ar.init,uni06A0.init,,1072,,AL,721,672,SHLM
absAinTwoDotsAbove,ainTwodotshorizontalabove-ar,uni075D,,465,075D,AL,708,673,SHLM
absAinTwoDotsAboveFin,ainTwodotshorizontalabove-ar.fina,uni075D.fina,,722,,AL,716,674,SHLM
absAinTwoDotsAboveMed,ainTwodotshorizontalabove-ar.medi,uni075D.medi,,912,,AL,732,675,SHLM
absAinTwoDotsAboveIni,ainTwodotshorizontalabove-ar.init,uni075D.init,,1075,,AL,724,676,SHLM
absAinThreeDotsDownAbove,ainThreedotsdownabove-ar,uni075E,,466,075E,AL,709,677,SHL
absAinThreeDotsDownAboveFin,ainThreedotsdownabove-ar.fina,uni075E.fina,,723,,AL,717,678,SHL
absAinThreeDotsDownAboveMed,ainThreedotsdownabove-ar.medi,uni075E.medi,,913,,AL,733,679,SHL
absAinThreeDotsDownAboveIni,ainThreedotsdownabove-ar.init,uni075E.init,,1076,,AL,725,680,SHL
absAinTwoDotsVertAbove,ainTwodotsverticalabove-ar,uni075F,,467,075F,AL,710,681,SHL
absAinTwoDotsVertAboveFin,ainTwodotsverticalabove-ar.fina,uni075F.fina,,724,,AL,718,682,SHL
absAinTwoDotsVertAboveMed,ainTwodotsverticalabove-ar.medi,uni075F.medi,,914,,AL,734,683,SHL
absAinTwoDotsVertAboveIni,ainTwodotsverticalabove-ar.init,uni075F.init,,1077,,AL,726,684,SHL
absAinThreeDotsBelow,ainThreedotsbelow-ar,uni08B3,,463,08B3,AL,706,685,SH
absAinThreeDotsBelowFin,ainThreedotsbelow-ar.fina,uni08B3.fina,,720,,AL,714,686,SH
absAinThreeDotsBelowMed,ainThreedotsbelow-ar.medi,uni08B3.medi,,910,,AL,730,687,SH
absAinThreeDotsBelowIni,ainThreedotsbelow-ar.init,uni08B3.init,,1073,,AL,722,688,SH
absGhain,ghain-ar,uni063A,,461,063A,AL,704,689,SHLM
absGhainFin,ghain-ar.fina,uni063A.fina,,718,,AL,712,690,SHLM
absGhainMed,ghain-ar.medi,uni063A.medi,,908,,AL,728,691,SHLM
absGhainIni,ghain-ar.init,uni063A.init,,1071,,AL,720,692,SHLM
absGhainDotBelow,ghainDotbelow-ar,uni06FC,,464,06FC,AL,707,693,SHL
absGhainDotBelowFin,ghainDotbelow-ar.fina,uni06FC.fina,,721,,AL,715,694,SHL
absGhainDotBelowMed,ghainDotbelow-ar.medi,uni06FC.medi,,911,,AL,731,695,SHL
absGhainDotBelowIni,ghainDotbelow-ar.init,uni06FC.init,,1074,,AL,723,696,SHL
absFeh,feh-ar,uni0641,,468,0641,AL,737,697,SHLM
absFehFin,feh-ar.fina,uni0641.fina,,725,,AL,748,698,SHLM
absFehMed,feh-ar.medi,uni0641.medi,,915,,AL,777,699,SHLM
absFehIni,feh-ar.init,uni0641.init,,1078,,AL,758,700,SHLM
absVeh,veh-ar,uni06A4,,473,06A4,AL,740,701,SHLM
absVehFin,veh-ar.fina,uni06A4.fina,,730,,AL,751,702,SHLM
absVehMed,veh-ar.medi,uni06A4.medi,,920,,AL,781,703,SHLM
absVehIni,veh-ar.init,uni06A4.init,,1083,,AL,762,704,SHLM
absDotlessFeh,fehDotless-ar,uni06A1,,469,06A1,AL,735,705,*
absDotlessFehFin,fehDotless-ar.fina,uni06A1.fina,,726,,AL,746,706,*
absDotlessFehMed,fehDotless-ar.medi,uni06A1.medi,,916,,AL,776,707,*
absDotlessFehIni,fehDotless-ar.init,uni06A1.init,,1079,,AL,757,708,*
absFehDotMovedBelow,fehDotmovedbelow-ar,uni06A2,,471,06A2,AL,738,709,SHLM
absFehDotMovedBelowFin,fehDotmovedbelow-ar.fina,uni06A2.fina,,728,,AL,749,710,SHLM
absFehDotMovedBelowMed,fehDotmovedbelow-ar.medi,uni06A2.medi,,918,,AL,778,711,SHLM
absFehDotMovedBelowIni,fehDotmovedbelow-ar.init,uni06A2.init,,1081,,AL,759,712,SHLM
absFehDotBelow,fehDotbelow-ar,uni06A3,,472,06A3,AL,739,713,SHL
absFehDotBelowFin,fehDotbelow-ar.fina,uni06A3.fina,,729,,AL,750,714,SHL
absFehDotBelowMed,fehDotbelow-ar.medi,uni06A3.medi,,919,,AL,780,715,SHL
absFehDotBelowIni,fehDotbelow-ar.init,uni06A3.init,,1082,,AL,761,716,SHL
absFehThreeDotsBelow,fehThreedotsbelow-ar,uni06A5,,474,06A5,AL,741,717,SHL
absFehThreeDotsBelowFin,fehThreedotsbelow-ar.fina,uni06A5.fina,,731,,AL,752,718,SHL
absFehThreeDotsBelowMed,fehThreedotsbelow-ar.medi,uni06A5.medi,,921,,AL,782,719,SHL
absFehThreeDotsBelowIni,fehThreedotsbelow-ar.init,uni06A5.init,,1084,,AL,763,720,SHL
absFehTwoDotsBelow,fehTwodotsbelow-ar,uni0760,,476,0760,AL,743,725,SHLM
absFehTwoDotsBelowFin,fehTwodotsbelow-ar.fina,uni0760.fina,,733,,AL,754,726,SHLM
absFehTwoDotsBelowMed,fehTwodotsbelow-ar.medi,uni0760.medi,,923,,AL,784,727,SHLM
absFehTwoDotsBelowIni,fehTwodotsbelow-ar.init,uni0760.init,,1086,,AL,765,728,SHLM
absFehThreeDotsUpwardBelow,fehThreedotsupbelow-ar,uni0761,,477,0761,AL,744,730,H
absFehThreeDotsUpwardBelowFin,fehThreedotsupbelow-ar.fina,uni0761.fina,,734,,AL,755,732,H
absFehThreeDotsUpwardBelowMed,fehThreedotsupbelow-ar.medi,uni0761.medi,,924,,AL,785,734,H
absFehThreeDotsUpwardBelowIni,fehThreedotsupbelow-ar.init,uni0761.init,,1087,,AL,766,736,H
absFehDotBelowThreeDotsAbove,fehDotbelowThreedotsabove-ar,uni08A4,,478,08A4,AL,745,737,SH
absFehDotBelowThreeDotsAboveFin,fehDotbelowThreedotsabove-ar.fina,uni08A4.fina,,735,,AL,756,738,SH
absFehDotBelowThreeDotsAboveMed,fehDotbelowThreedotsabove-ar.medi,uni08A4.medi,,925,,AL,786,739,SH
absFehDotBelowThreeDotsAboveIni,fehDotbelowThreedotsabove-ar.init,uni08A4.init,,1088,,AL,767,740,SH
absAfricanFeh,fehAfrican-ar,uni08BB,,470,08BB,AL,736,741,SHM
absAfricanFehFin,fehAfrican-ar.fina,uni08BB.fina,,727,,AL,747,742,SHM
absAfricanFehMed,fehAfrican-ar.medi,uni08BB.medi,,917,,AL,779,743,SHM
absAfricanFehIni,fehAfrican-ar.init,uni08BB.init,,1080,,AL,760,744,SHM
absQafNoDots,qafDotless-ar,uni066F,,480,066F,AL,794,745,*
absQafNoDotsFin,qafDotless-ar.fina,uni066F.fina,,737,,AL,800,746,*
absQafNoDotsMed,qafDotless-ar.medi,uni066F.medi,,927,,AL,788,747,*
absQafNoDotsIni,qafDotless-ar.init,uni066F.init,,1090,,AL,769,748,*
absQaf,qaf-ar,uni0642,,482,0642,AL,796,749,SHLM
absQafFin,qaf-ar.fina,uni0642.fina,,739,,AL,802,750,SHLM
absQafMed,qaf-ar.medi,uni0642.medi,,929,,AL,789,751,SHLM
absQafIni,qaf-ar.init,uni0642.init,,1092,,AL,770,752,SHLM
absQafDotAbove,qafDotabove-ar,uni06A7,,483,06A7,AL,797,753,SHLM
absQafDotAboveFin,qafDotabove-ar.fina,uni06A7.fina,,740,,AL,803,754,SHLM
absQafDotAboveMed,qafDotabove-ar.medi,uni06A7.medi,,930,,AL,790,755,SHLM
absQafDotAboveIni,qafDotabove-ar.init,uni06A7.init,,1093,,AL,771,756,SHLM
absQafThreeDotsAbove,qafThreedotsabove-ar,uni06A8,,484,06A8,AL,798,757,SHLM
absQafThreeDotsAboveFin,qafThreedotsabove-ar.fina,uni06A8.fina,,741,,AL,804,758,SHLM
absQafThreeDotsAboveMed,qafThreedotsabove-ar.medi,uni06A8.medi,,931,,AL,792,759,SHLM
absQafThreeDotsAboveIni,qafThreedotsabove-ar.init,uni06A8.init,,1094,,AL,773,760,SHLM
absQafDotBelow,qafDotbelow-ar,uni08A5,,485,08A5,AL,799,761,SH
absQafDotBelowFin,qafDotbelow-ar.fina,uni08A5.fina,,742,,AL,805,762,SH
absQafDotBelowMed,qafDotbelow-ar.medi,uni08A5.medi,,932,,AL,793,763,SH
absQafDotBelowIni,qafDotbelow-ar.init,uni08A5.init,,1095,,AL,774,764,SH
absAfricanQaf,qafAfrican-ar,uni08BC,,481,08BC,AL,795,765,SHM
absAfricanQafFin,qafAfrican-ar.fina,uni08BC.fina,,738,,AL,801,766,SHM
absAfricanQafMed,qafAfrican-ar.medi,uni08BC.medi,,928,,AL,791,767,SHM
absAfricanQafIni,qafAfrican-ar.init,uni08BC.init,,1091,,AL,772,768,SHM
absKaf,kaf-ar,uni0643,,486,0643,AL,806,769,*
absKafFin,kaf-ar.fina,uni0643.fina,,743,,AL,812,770,*
absKafMed,kaf-ar.medi,uni0643.medi,,933,,AL,866,771,*
absKafIni,kaf-ar.init,uni0643.init,,1096,,AL,846,772,*
absKafDotBelow,kafDotbelow-ar,uni08B4,,488,08B4,AL,808,773,SH
absKafDotBelowFin,kafDotbelow-ar.fina,uni08B4.fina,,745,,AL,814,774,SH
absKafDotBelowMed,kafDotbelow-ar.medi,uni08B4.medi,,935,,AL,868,775,SH
absKafDotBelowIni,kafDotbelow-ar.init,uni08B4.init,,1098,,AL,848,776,SH
absKeheh,keheh-ar,uni06A9,,492,06A9,AL,818,777,*
absKehehFin,keheh-ar.fina,uni06A9.fina,,749,,AL,832,778,*
absKehehMed,keheh-ar.medi,uni06A9.medi,,939,,AL,872,779,*
absKehehIni,keheh-ar.init,uni06A9.init,,1102,,AL,852,780,*
absKehehTwoDotsAbove,kehehTwodotshorizontalabove-ar,uni063B,,503,063B,AL,829,781,SH
absKehehTwoDotsAboveFin,kehehTwodotshorizontalabove-ar.fina,uni063B.fina,,760,,AL,843,782,SH
absKehehTwoDotsAboveMed,kehehTwodotshorizontalabove-ar.medi,uni063B.medi,,950,,AL,883,783,SH
absKehehTwoDotsAboveIni,kehehTwodotshorizontalabove-ar.init,uni063B.init,,1113,,AL,863,784,SH
absKehehThreeDotsBelow,kehehThreedotsbelow-ar,uni063C,,504,063C,AL,830,785,SH
absKehehThreeDotsBelowFin,kehehThreedotsbelow-ar.fina,uni063C.fina,,761,,AL,844,786,SH
absKehehThreeDotsBelowMed,kehehThreedotsbelow-ar.medi,uni063C.medi,,951,,AL,884,787,SH
absKehehThreeDotsBelowIni,kehehThreedotsbelow-ar.init,uni063C.init,,1114,,AL,864,788,SH
absKehehDotAbove,kehehDotabove-ar,uni0762,,500,0762,AL,826,789,SHL
absKehehDotAboveFin,kehehDotabove-ar.fina,uni0762.fina,,757,,AL,840,790,SHL
absKehehDotAboveMed,kehehDotabove-ar.medi,uni0762.medi,,947,,AL,880,791,SHL
absKehehDotAboveIni,kehehDotabove-ar.init,uni0762.init,,1110,,AL,860,792,SHL
absKehehThreeDotsAbove,kehehThreedotsabove-ar,uni0763,,501,0763,AL,827,793,SHLM
absKehehThreeDotsAboveFin,kehehThreedotsabove-ar.fina,uni0763.fina,,758,,AL,841,794,SHLM
absKehehThreeDotsAboveMed,kehehThreedotsabove-ar.medi,uni0763.medi,,948,,AL,881,795,SHLM
absKehehThreeDotsAboveIni,kehehThreedotsabove-ar.init,uni0763.init,,1111,,AL,861,796,SHLM
absKehehThreeDotsUpwardBelow,kehehThreedotsupbelow-ar,uni0764,,502,0764,AL,828,798,H
absKehehThreeDotsUpwardBelowFin,kehehThreedotsupbelow-ar.fina,uni0764.fina,,759,,AL,842,800,H
absKehehThreeDotsUpwardBelowMed,kehehThreedotsupbelow-ar.medi,uni0764.medi,,949,,AL,882,802,H
absKehehThreeDotsUpwardBelowIni,kehehThreedotsupbelow-ar.init,uni0764.init,,1112,,AL,862,804,H
absGaf,gaf-ar,uni06AF,,494,06AF,AL,820,805,SHLM
absGafFin,gaf-ar.fina,uni06AF.fina,,751,,AL,834,806,SHLM
absGafMed,gaf-ar.medi,uni06AF.medi,,941,,AL,874,807,SHLM
absGafIni,gaf-ar.init,uni06AF.init,,1104,,AL,854,808,SHLM
absSwashKaf,kafswash-ar,uni06AA,,506,06AA,AL,886,817,*
absSwashKafFin,kafswash-ar.fina,uni06AA.fina,,763,,AL,887,818,*
absSwashKafMed,kafswash-ar.medi,uni06AA.medi,,953,,AL,889,819,*
absSwashKafIni,kafswash-ar.init,uni06AA.init,,1116,,AL,888,820,*
absKafDotAbove,kafDotabove-ar,uni06AC,,487,06AC,AL,807,825,SHL
absKafDotAboveFin,kafDotabove-ar.fina,uni06AC.fina,,744,,AL,813,826,SHL
absKafDotAboveMed,kafDotabove-ar.medi,uni06AC.medi,,934,,AL,867,827,SHL
absKafDotAboveIni,kafDotabove-ar.init,uni06AC.init,,1097,,AL,847,828,SHL
absKafTwoDotsAbove,kafTwodotshorizontalabove-ar,uni077F,,490,077F,AL,810,829,SH
absKafTwoDotsAboveFin,kafTwodotshorizontalabove-ar.fina,uni077F.fina,,747,,AL,816,830,SH
absKafTwoDotsAboveMed,kafTwodotshorizontalabove-ar.medi,uni077F.medi,,937,,AL,870,831,SH
absKafTwoDotsAboveIni,kafTwodotshorizontalabove-ar.init,uni077F.init,,1100,,AL,850,832,SH
absKafThreeDotsBelow,kafThreedotsbelow-ar,uni06AE,,491,06AE,AL,811,833,SHL
absKafThreeDotsBelowFin,kafThreedotsbelow-ar.fina,uni06AE.fina,,748,,AL,817,834,SHL
absKafThreeDotsBelowMed,kafThreedotsbelow-ar.medi,uni06AE.medi,,938,,AL,871,835,SHL
absKafThreeDotsBelowIni,kafThreedotsbelow-ar.init,uni06AE.init,,1101,,AL,851,836,SHL
absNg,ng-ar,uni06AD,,489,06AD,AL,809,845,SHLM
absNgFin,ng-ar.fina,uni06AD.fina,,746,,AL,815,846,SHLM
absNgMed,ng-ar.medi,uni06AD.medi,,936,,AL,869,847,SHLM
absNgIni,ng-ar.init,uni06AD.init,,1099,,AL,849,848,SHLM
absLam,lam-ar,uni0644,,507,0644,AL,890,857,*
absLamFin,lam-ar.fina,uni0644.fina,,764,,AL,897,858,*
absLamMed,lam-ar.medi,uni0644.medi,,954,,AL,911,859,*
absLamIni,lam-ar.init,uni0644.init,,1117,,AL,904,860,*
absLamMed.preAlef,lam-ar.preAlef.medi,uni0644.preAlef.medi,,1487,,AL,1134,861,*
absLamIni.preAlef,lam-ar.preAlef.init,uni0644.preAlef.init,,1465,,AL,1113,862,*
absLamSmallV,lamVabove-ar,uni06B5,,508,06B5,AL,891,863,SHL
absLamSmallVFin,lamVabove-ar.fina,uni06B5.fina,,765,,AL,898,864,SHL
absLamSmallVMed,lamVabove-ar.medi,uni06B5.medi,,955,,AL,912,865,SHL
absLamSmallVIni,lamVabove-ar.init,uni06B5.init,,1118,,AL,905,866,SHL
absLamSmallVMed.preAlef,lamVabove-ar.preAlef.medi,uni06B5.preAlef.medi,,1488,,AL,1135,867,SHL
absLamSmallVIni.preAlef,lamVabove-ar.preAlef.init,uni06B5.preAlef.init,,1466,,AL,1114,868,SHL
absLamDotAbove,lamDotabove-ar,uni06B6,,509,06B6,AL,892,869,SHL
absLamDotAboveFin,lamDotabove-ar.fina,uni06B6.fina,,766,,AL,899,870,SHL
absLamDotAboveMed,lamDotabove-ar.medi,uni06B6.medi,,956,,AL,913,871,SHL
absLamDotAboveIni,lamDotabove-ar.init,uni06B6.init,,1119,,AL,906,872,SHL
absLamDotAboveMed.preAlef,lamDotabove-ar.preAlef.medi,uni06B6.preAlef.medi,,1489,,AL,1136,873,SHL
absLamDotAboveIni.preAlef,lamDotabove-ar.preAlef.init,uni06B6.preAlef.init,,1467,,AL,1115,874,SHL
absLamThreeDotsAbove,lamThreedotsabove-ar,uni06B7,,510,06B7,AL,893,875,SHL
absLamThreeDotsAboveFin,lamThreedotsabove-ar.fina,uni06B7.fina,,767,,AL,900,876,SHL
absLamThreeDotsAboveMed,lamThreedotsabove-ar.medi,uni06B7.medi,,957,,AL,914,877,SHL
absLamThreeDotsAboveIni,lamThreedotsabove-ar.init,uni06B7.init,,1120,,AL,907,878,SHL
absLamThreeDotsAboveMed.preAlef,lamThreedotsabove-ar.preAlef.medi,uni06B7.preAlef.medi,,1490,,AL,1137,879,SHL
absLamThreeDotsAboveIni.preAlef,lamThreedotsabove-ar.preAlef.init,uni06B7.preAlef.init,,1468,,AL,1116,880,SHL
absLamThreeDotsBelow,lamThreedotsbelow-ar,uni06B8,,511,06B8,AL,894,881,SHL
absLamThreeDotsBelowFin,lamThreedotsbelow-ar.fina,uni06B8.fina,,768,,AL,901,882,SHL
absLamThreeDotsBelowMed,lamThreedotsbelow-ar.medi,uni06B8.medi,,958,,AL,915,883,SHL
absLamThreeDotsBelowIni,lamThreedotsbelow-ar.init,uni06B8.init,,1121,,AL,908,884,SHL
absLamThreeDotsBelowMed.preAlef,lamThreedotsbelow-ar.preAlef.medi,uni06B8.preAlef.medi,,1491,,AL,1138,885,SHL
absLamThreeDotsBelowIni.preAlef,lamThreedotsbelow-ar.preAlef.init,uni06B8.preAlef.init,,1469,,AL,1117,886,SHL
absLamBar,lamBar-ar,uni076A,,513,076A,AL,895,887,SHL
absLamBarFin,lamBar-ar.fina,uni076A.fina,,770,,AL,902,888,SHL
absLamBarMed,lamBar-ar.medi,uni076A.medi,,960,,AL,916,889,SHL
absLamBarIni,lamBar-ar.init,uni076A.init,,1123,,AL,909,890,SHL
absLamBarMed.preAlef,lamBar-ar.preAlef.medi,uni076A.preAlef.medi,,1493,,AL,1139,891,SHL
absLamBarIni.preAlef,lamBar-ar.preAlef.init,uni076A.preAlef.init,,1471,,AL,1118,892,SHL
absLamDoubleBar,lamDoublebar-ar,uni08A6,,514,08A6,AL,896,893,SH
absLamDoubleBarFin,lamDoublebar-ar.fina,uni08A6.fina,,771,,AL,903,894,SH
absLamDoubleBarMed,lamDoublebar-ar.medi,uni08A6.medi,,961,,AL,917,895,SH
absLamDoubleBarIni,lamDoublebar-ar.init,uni08A6.init,,1124,,AL,910,896,SH
absLamDoubleBarMed.preAlef,lamDoublebar-ar.preAlef.medi,uni08A6.preAlef.medi,,1494,,AL,1140,897,SH
absLamDoubleBarIni.preAlef,lamDoublebar-ar.preAlef.init,uni08A6.preAlef.init,,1472,,AL,1119,898,SH
absLamHamzaIni.preAlef,lam_hamza-ar.preAlef.init,uni0644_uni0621.preAlef.init,,1473,,AL,1120,899,H
absLamHamzaIni.preAlef.warsh,lam_hamza-ar.preAlef.warsh.init,uni0644_uni0621.preAlef.warsh.init,,1474,,AL,1121,900,H
absMeem,meem-ar,uni0645,,515,0645,AL,918,901,*
absMeemFin,meem-ar.fina,uni0645.fina,,772,,AL,922,902,*
absMeemMed,meem-ar.medi,uni0645.medi,,962,,AL,930,903,*
absMeemIni,meem-ar.init,uni0645.init,,1125,,AL,926,904,*
absMeem.sindhi,meem-ar.sindhi,uni0645.sindhi,,516,,AL,934,905,SHL
absMeemFin.sindhi,meem-ar.sindhi.fina,uni0645.sindhi.fina,,773,,AL,939,906,SHL
absMeemDotAbove,meemDotabove-ar,uni0765,,517,0765,AL,919,907,SHL
absMeemDotAboveFin,meemDotabove-ar.fina,uni0765.fina,,774,,AL,923,908,SHL
absMeemDotAboveMed,meemDotabove-ar.medi,uni0765.medi,,963,,AL,931,909,SHL
absMeemDotAboveIni,meemDotabove-ar.init,uni0765.init,,1126,,AL,927,910,SHL
absMeemDotAbove.sindhi,meemDotabove-ar.sindhi,uni0765.sindhi,,518,,AL,937,911,SHL
absMeemDotAboveFin.sindhi,meemDotabove-ar.sindhi.fina,uni0765.sindhi.fina,,775,,AL,940,912,SHL
absMeemDotBelow,meemDotbelow-ar,uni0766,,519,0766,AL,920,913,SHL
absMeemDotBelowFin,meemDotbelow-ar.fina,uni0766.fina,,776,,AL,924,914,SHL
absMeemDotBelowMed,meemDotbelow-ar.medi,uni0766.medi,,964,,AL,932,915,SHL
absMeemDotBelowIni,meemDotbelow-ar.init,uni0766.init,,1127,,AL,928,916,SHL
absMeemDotBelow.sindhi,meemDotbelow-ar.sindhi,uni0766.sindhi,,520,,AL,938,917,SHL
absMeemDotBelowFin.sindhi,meemDotbelow-ar.sindhi.fina,uni0766.sindhi.fina,,777,,AL,941,918,SHL
absMeemThreeDotsAbove,meemThreedotsabove-ar,uni08A7,,521,08A7,AL,921,919,SH
absMeemThreeDotsAboveFin,meemThreedotsabove-ar.fina,uni08A7.fina,,778,,AL,925,920,SH
absMeemThreeDotsAboveMed,meemThreedotsabove-ar.medi,uni08A7.medi,,965,,AL,933,921,SH
absMeemThreeDotsAboveIni,meemThreedotsabove-ar.init,uni08A7.init,,1128,,AL,929,922,SH
absMeemThreeDotsAbove.sindhi,meemThreedotsabove-ar.sindhi,uni08A7.sindhi,,522,,AL,935,923,SH
absMeemThreeDotsAboveFin.sindhi,meemThreedotsabove-ar.sindhi.fina,uni08A7.sindhi.fina,,779,,AL,942,924,SH
absNoon,noon-ar,uni0646,,523,0646,AL,945,925,SHLM
absNoonFin,noon-ar.fina,uni0646.fina,,780,,AL,955,926,SHLM
absNoonMed,noon-ar.medi,uni0646.medi,,966,,AL,1061,927,SHLM
absNoonIni,noon-ar.init,uni0646.init,,1129,,AL,1007,928,SHLM
absNoonDotBelow,noonDotbelow-ar,uni06B9,,524,06B9,AL,946,929,SHL
absNoonDotBelowFin,noonDotbelow-ar.fina,uni06B9.fina,,781,,AL,956,930,SHL
absNoonDotBelowMed,noonDotbelow-ar.medi,uni06B9.medi,,967,,AL,1063,931,SHL
absNoonDotBelowIni,noonDotbelow-ar.init,uni06B9.init,,1130,,AL,1009,932,SHL
absNoonGhunna,noonghunna-ar,uni06BA,,525,06BA,AL,943,933,SHLM
absNoonGhunnaFin,noonghunna-ar.fina,uni06BA.fina,,782,,AL,953,934,SHLM
absNoonGhunnaMed,noonghunna-ar.medi,uni06BA.medi,,968,,AL,1064,935,SHLM
absNoonGhunnaIni,noonghunna-ar.init,uni06BA.init,,1131,,AL,1010,936,SHLM
absNoonRing,noonRing-ar,uni06BC,,528,06BC,AL,948,941,SHL
absNoonRingFin,noonRing-ar.fina,uni06BC.fina,,785,,AL,958,942,SHL
absNoonRingMed,noonRing-ar.medi,uni06BC.medi,,971,,AL,1066,943,SHL
absNoonRingIni,noonRing-ar.init,uni06BC.init,,1134,,AL,1012,944,SHL
absNoonThreeDotsAbove,noonThreedotsabove-ar,uni06BD,,529,06BD,AL,949,945,SHL
absNoonThreeDotsAboveFin,noonThreedotsabove-ar.fina,uni06BD.fina,,786,,AL,959,946,SHL
absNoonThreeDotsAboveMed,noonThreedotsabove-ar.medi,uni06BD.medi,,972,,AL,1067,947,SHL
absNoonThreeDotsAboveIni,noonThreedotsabove-ar.init,uni06BD.init,,1135,,AL,1013,948,SHL
absNoonTwoDotsBelow,noonTwodotsbelow-ar,uni0767,,530,0767,AL,950,949,SHLM
absNoonTwoDotsBelowFin,noonTwodotsbelow-ar.fina,uni0767.fina,,787,,AL,960,950,SHLM
absNoonTwoDotsBelowMed,noonTwodotsbelow-ar.medi,uni0767.medi,,973,,AL,1068,951,SHLM
absNoonTwoDotsBelowIni,noonTwodotsbelow-ar.init,uni0767.init,,1136,,AL,1014,952,SHLM
absNoonSmallV,noonVabove-ar,uni0769,,532,0769,AL,952,957,SHL
absNoonSmallVFin,noonVabove-ar.fina,uni0769.fina,,789,,AL,962,958,SHL
absNoonSmallVMed,noonVabove-ar.medi,uni0769.medi,,975,,AL,1070,959,SHL
absNoonSmallVIni,noonVabove-ar.init,uni0769.init,,1138,,AL,1016,960,SHL
absAfricanNoon,noonAfrican-ar,uni08BD,,526,08BD,AL,944,961,SHM
absAfricanNoonFin,noonAfrican-ar.fina,uni08BD.fina,,783,,AL,954,962,SHM
absAfricanNoonMed,noonAfrican-ar.medi,uni08BD.medi,,969,,AL,1062,963,SHM
absAfricanNoonIni,noonAfrican-ar.init,uni08BD.init,,1132,,AL,1008,964,SHM
absHeh,heh-ar,uni0647,,535,0647,AL,964,965,SHLM
absHehFin,heh-ar.fina,uni0647.fina,,792,,AL,971,966,SHLM
absHehMed,heh-ar.medi,uni0647.medi,,978,,AL,990,967,SHLM
absHehIni,heh-ar.init,uni0647.init,,1141,,AL,980,968,SHLM
absHehYehAbove,hehHamzaabove-ar,uni06C0,,539,06C0,AL,967,976,SHL
absHehYehAboveFin,hehHamzaabove-ar.fina,uni06C0.fina,,798,,AL,973,977,SHL
absHehDoachashmeeMed,hehDoachashmee-ar.medi,uni06BE.medi,,976,,AL,989,988,SHL
absHehDoachashmeeIni,hehDoachashmee-ar.init,uni06BE.init,,1139,,AL,978,989,SHL
absTehMarbuta,tehMarbuta-ar,uni0629,,538,0629,AL,966,994,SHLM
absTehMarbutaFin,tehMarbuta-ar.fina,uni0629.fina,,797,,AL,972,995,SHLM
absAe,ae-ar,uni06D5,,537,06D5,AL,963,998,SHL
absAeFin,ae-ar.fina,uni06D5.fina,,796,,AL,970,999,SHL
absWaw,waw-ar,uni0648,,296,0648,AL,308,1000,*
absWawFin,waw-ar.fina,uni0648.fina,,568,,AL,326,1001,*
absWawTwoDotsAbove,wawTwodots-ar,uni06CA,,307,06CA,AL,320,1014,SHL
absWawTwoDotsAboveFin,wawTwodots-ar.fina,uni06CA.fina,,579,,AL,338,1015,SHL
absWawDotAbove,wawDotabove-ar,uni06CF,,309,06CF,AL,322,1016,SHL
absWawDotAboveFin,wawDotabove-ar.fina,uni06CF.fina,,581,,AL,340,1017,SHL
absWawHamzaAbove,wawHamzaabove-ar,uni0624,,295,0624,AL,309,1018,SHLM
absWawHamzaAboveFin,wawHamzaabove-ar.fina,uni0624.fina,,567,,AL,327,1019,SHLM
absOe,oe-ar,uni06C6,,302,06C6,AL,315,1030,SHLM
absOeFin,oe-ar.fina,uni06C6.fina,,574,,AL,333,1031,SHLM
absYu,yu-ar,uni06C8,,305,06C8,AL,318,1032,SHLM
absYuFin,yu-ar.fina,uni06C8.fina,,577,,AL,336,1033,SHLM
absKirghizYu,kirghizyu-ar,uni06C9,,306,06C9,AL,319,1034,SHLM
absKirghizYuFin,kirghizyu-ar.fina,uni06C9.fina,,578,,AL,337,1035,SHLM
absVe,ve-ar,uni06CB,,308,06CB,AL,321,1036,SHL
absVeFin,ve-ar.fina,uni06CB.fina,,580,,AL,339,1037,SHL
absAlefMaksura,alefMaksura-ar,uni0649,,384,0649,AL,451,1038,SHLM
absAlefMaksuraFin,alefMaksura-ar.fina,uni0649.fina,,641,,AL,469,1039,SHLM
absAlefMaksuraMed,alefMaksura-ar.medi,uni0649.medi,,825,,AL,1060,1040,SHLM
absAlefMaksuraIni,alefMaksura-ar.init,uni0649.init,,1000,,AL,1006,1041,SHLM
absYeh,yeh-ar,uni064A,,371,064A,AL,439,1043,SHLM
absYehFin,yeh-ar.fina,uni064A.fina,,628,,AL,457,1044,SHLM
absYehMed,yeh-ar.medi,uni064A.medi,,812,,AL,1074,1045,SHLM
absYehIni,yeh-ar.init,uni064A.init,,987,,AL,1020,1046,SHLM
absYeh.noDots,yeh-ar.noDots,uni064A.noDots,,372,,AL,437,1047,*
absYehFin.noDots,yeh-ar.noDots.fina,uni064A.noDots.fina,,629,,AL,455,1048,*
absYehMed.noDots,yeh-ar.noDots.medi,uni064A.noDots.medi,,813,,AL,1059,1049,SHLM
absYehIni.noDots,yeh-ar.noDots.init,uni064A.noDots.init,,988,,AL,1005,1050,SHLM
absYehHamzaAbove,yehHamzaabove-ar,uni0626,,370,0626,AL,438,1051,SHLM
absYehHamzaAboveFin,yehHamzaabove-ar.fina,uni0626.fina,,627,,AL,456,1052,SHLM
absYehHamzaAboveMed,yehHamzaabove-ar.medi,uni0626.medi,,811,,AL,1073,1053,SHLM
absYehHamzaAboveIni,yehHamzaabove-ar.init,uni0626.init,,986,,AL,1019,1054,SHLM
absYehSmallV,yehVabove-ar,uni06CE,,380,06CE,AL,447,1055,SHL
absYehSmallVFin,yehVabove-ar.fina,uni06CE.fina,,637,,AL,465,1056,SHL
absYehSmallVMed,yehVabove-ar.medi,uni06CE.medi,,821,,AL,1082,1057,SHL
absYehSmallVIni,yehVabove-ar.init,uni06CE.init,,996,,AL,1028,1058,SHL
absYehTwoDotsBelowHamzaAbove,yehTwodotsbelowHamzaabove-ar,uni08A8,,386,08A8,AL,452,1059,SHM
absYehTwoDotsBelowHamzaAboveFin,yehTwodotsbelowHamzaabove-ar.fina,uni08A8.fina,,643,,AL,470,1060,SHM
absYehTwoDotsBelowHamzaAboveMed,yehTwodotsbelowHamzaabove-ar.medi,uni08A8.medi,,827,,AL,1087,1061,SHM
absYehTwoDotsBelowHamzaAboveIni,yehTwodotsbelowHamzaabove-ar.init,uni08A8.init,,1002,,AL,1033,1062,SHM
absYehTwoDotsBelowDotAbove,yehTwodotsbelowDotabove-ar,uni08A9,,388,08A9,AL,454,1063,SHM
absYehTwoDotsBelowDotAboveFin,yehTwodotsbelowDotabove-ar.fina,uni08A9.fina,,645,,AL,472,1064,SHM
absYehTwoDotsBelowDotAboveMed,yehTwodotsbelowDotabove-ar.medi,uni08A9.medi,,829,,AL,1089,1065,SHM
absYehTwoDotsBelowDotAboveIni,yehTwodotsbelowDotabove-ar.init,uni08A9.init,,1004,,AL,1035,1066,SHM
absFarsiYehInvertedV,yehVinverted-farsi,uni063D,,377,063D,AL,444,1067,SHL
absFarsiYehInvertedVFin,yehVinverted-farsi.fina,uni063D.fina,,634,,AL,462,1068,SHL
absFarsiYehInvertedVMed,yehVinverted-farsi.medi,uni063D.medi,,818,,AL,1079,1069,SHL
absFarsiYehInvertedVIni,yehVinverted-farsi.init,uni063D.init,,993,,AL,1025,1070,SHL
absFarsiYeh,yeh-farsi,uni06CC,,374,06CC,AL,441,1071,SHLM
absFarsiYehFin,yeh-farsi.fina,uni06CC.fina,,631,,AL,459,1072,SHLM
absFarsiYehMed,yeh-farsi.medi,uni06CC.medi,,815,,AL,1076,1073,SHLM
absFarsiYehIni,yeh-farsi.init,uni06CC.init,,990,,AL,1022,1074,SHLM
absFarsiYehTwoDotsAbove,yehTwodotsabove-farsi,uni063E,,378,063E,AL,445,1075,SH
absFarsiYehTwoDotsAboveFin,yehTwodotsabove-farsi.fina,uni063E.fina,,635,,AL,463,1076,SH
absFarsiYehTwoDotsAboveMed,yehTwodotsabove-farsi.medi,uni063E.medi,,819,,AL,1080,1077,SH
absFarsiYehTwoDotsAboveIni,yehTwodotsabove-farsi.init,uni063E.init,,994,,AL,1026,1078,SH
absFarsiYehThreeDotsAbove,yehThreedotsabove-farsi,uni063F,,379,063F,AL,446,1079,SH
absFarsiYehThreeDotsAboveFin,yehThreedotsabove-farsi.fina,uni063F.fina,,636,,AL,464,1080,SH
absFarsiYehThreeDotsAboveMed,yehThreedotsabove-farsi.medi,uni063F.medi,,820,,AL,1081,1081,SH
absFarsiYehThreeDotsAboveIni,yehThreedotsabove-farsi.init,uni063F.init,,995,,AL,1027,1082,SH
absE,e-ar,uni06D0,,381,06D0,AL,448,1101,SHLM
absEFin,e-ar.fina,uni06D0.fina,,638,,AL,466,1102,SHLM
absEMed,e-ar.medi,uni06D0.medi,,822,,AL,1083,1103,SHLM
absEIni,e-ar.init,uni06D0.init,,997,,AL,1029,1104,SHLM
absYehThreeDotsBelow,yehThreedotsbelow-ar,uni06D1,,382,06D1,AL,449,1105,SHLM
absYehThreeDotsBelowFin,yehThreedotsbelow-ar.fina,uni06D1.fina,,639,,AL,467,1106,SHLM
absYehThreeDotsBelowMed,yehThreedotsbelow-ar.medi,uni06D1.medi,,823,,AL,1084,1107,SHLM
absYehThreeDotsBelowIni,yehThreedotsbelow-ar.init,uni06D1.init,,998,,AL,1030,1108,SHLM
absYehTwoDotsBelowNoonAbove,yehTwodotsbelowNoonabove-ar,uni08BA,,387,08BA,AL,453,1109,SH
absYehTwoDotsBelowNoonAboveFin,yehTwodotsbelowNoonabove-ar.fina,uni08BA.fina,,644,,AL,471,1110,SH
absYehTwoDotsBelowNoonAboveMed,yehTwodotsbelowNoonabove-ar.medi,uni08BA.medi,,828,,AL,1088,1111,SH
absYehTwoDotsBelowNoonAboveIni,yehTwodotsbelowNoonabove-ar.init,uni08BA.init,,1003,,AL,1034,1112,SH
absYehBarree,yehbarree-ar,uni06D2,,366,06D2,AL,429,1113,SHLM
absYehBarreeFin,yehbarree-ar.fina,uni06D2.fina,,623,,AL,433,1114,SHL
absLigatureAllah,allah-ar,uniFDF2,,1273,FDF2,AL,1293,1131,*
absTatweel,kashida-ar,uni0640,,546,0640,AL,1112,1132,*
absAutoKashida,absAutoKashida,absAutoKashida,,1464,,AL,1266,1133,*
absSmallHighSadMark,sadabove-ar,uni0610,,1245,0610,NSM,1233,1134,SH
absSmallHighAinMark,ainabove-ar,uni0611,,1246,0611,NSM,1234,1135,SH
absNameMarker,takhallusabove-ar,uni0614,,1249,0614,NSM,1237,1136,SHL
absSmallDamma,dammasmall-ar,uni0619,,1254,0619,NSM,1242,1141,SH
absTripleDotPunct,threedots-ar,uni061E,,1259,061E,AL,1270,1143,SHLM
absSuperscriptAlef,alefabove-ar,uni0670,,1181,0670,NSM,1188,1145,SHLM
absSuperscriptAlef.large,alefabove-ar.large,uni0670.large,,1183,,NSM,1190,1146,SHL
absSubscriptAlef,alefbelow-ar,uni0656,,1169,0656,NSM,1176,1147,SHLM
absHamzaAbove,hamzaabove-ar,uni0654,,1167,0654,NSM,1174,1148,SHLM
absHamzaBelow,hamzabelow-ar,uni0655,,1168,0655,NSM,1175,1149,SHLM
absFathatan,fathatan-ar,uni064B,,1150,064B,NSM,1157,1150,*
absDammatan,dammatan-ar,uni064C,,1151,064C,NSM,1158,1151,*
absDammatan.sixNine,dammatan-ar.sixNine,uni064C.sixNine,,1152,,NSM,1159,1152,SHL
absKasratan,kasratan-ar,uni064D,,1153,064D,NSM,1160,1153,*
absKasratan.lowered,kasratan-ar.lowered,uni064D.lowered,,1154,,NSM,1161,1154,SHM
absFatha,fatha-ar,uni064E,,1155,064E,NSM,1162,1155,*
absDamma,damma-ar,uni064F,,1156,064F,NSM,1163,1156,*
absDamma.short,damma-ar.short,uni064F.short,,1157,,NSM,1164,1158,SH
absKasra,kasra-ar,uni0650,,1159,0650,NSM,1166,1159,*
absKasra.lowered,kasra-ar.lowered,uni0650.lowered,,1160,,NSM,1167,1160,SHM
absShadda,shadda-ar,uni0651,,1161,0651,NSM,1168,1161,*
absSukun,sukun-ar,uni0652,,1162,0652,NSM,1169,1162,*
absSukun.downOpen,sukun-ar.downOpen,uni0652.downOpen,,1163,,NSM,1170,1163,SHL
absSukun.leftOpen,sukun-ar.leftOpen,uni0652.leftOpen,,1164,,NSM,1171,1164,SHL
absMaddahAbove,madda-ar,uni0653,,1165,0653,NSM,1172,1165,*
absMaddahAbove.small,madda-ar.small,uni0653.small,,1166,,NSM,1173,1166,SH
absNoonGhunnaMark,noonghunnaabove-ar,uni0658,,1172,0658,NSM,1179,1167,SHL
absUltaPesh,dammainverted-ar,uni0657,,1170,0657,NSM,1177,1168,SHL
absVowelSmallV,vabove-ar,uni065A,,1174,065A,NSM,1181,1171,SHLM
absVowelInvSmallV,vinvertedabove-ar,uni065B,,1175,065B,NSM,1182,1172,SHLM
absVowelDotBelow,dotvowelbelow-ar,uni065C,,1176,065C,NSM,1183,1173,SHLM
absReversedDamma,dammareversed-ar,uni065D,,1177,065D,NSM,1184,1174,SHL
absFathaTwoDots,fathatwodots-ar,uni065E,,1179,065E,NSM,1186,1175,SHL
absSmallHighSadLamAlefMaksura,sadLamAlefMaksuraabove-ar,uni06D6,,1207,06D6,NSM,1214,1176,SHL
absSmallHighQafLamAlefMaksura,qafLamAlefMaksuraabove-ar,uni06D7,,1208,06D7,NSM,1215,1177,SHL
absSmallHighMeemInitialForm,meemabove-ar,uni06D8,,1209,06D8,NSM,1216,1178,SHL
absSmallHighMeemIsolatedForm,meemStopabove-ar,uni06E2,,1217,06E2,NSM,1224,1179,SHL
absSmallHighLamAlef,lamAlefabove-ar,uni06D9,,1210,06D9,NSM,1217,1180,SHL
absSmallHighJeem,jeemabove-ar,uni06DA,,1211,06DA,NSM,1218,1181,SHL
absSmallHighThreeDots,threedotsabove-ar,uni06DB,,1212,06DB,NSM,1219,1182,SHL
absSmallHighSeen,seenabove-ar,uni06DC,,1213,06DC,NSM,1220,1183,SHL
absSmallHighRoundedZero,sukunround-ar,uni06DF,,1214,06DF,NSM,1221,1185,SHL
absSmallHighUprightRectangularZero,sukunoval-ar,uni06E0,,1215,06E0,NSM,1222,1186,SHL
absSmallLowSeen,seenbelow-ar,uni06E3,,1218,06E3,NSM,1225,1188,SHL
absSmallHighMadda,maddalong-ar,uni06E4,,1219,06E4,NSM,1226,1189,SHL
absSmallWaw,wawSmall-ar,uni06E5,,1147,06E5,AL,1154,1190,SHL
absSmallYeh,yehbelow-ar,uni06E6,,1148,06E6,AL,1155,1191,SHL
absSmallHighYeh,yehabove-ar,uni06E7,,1220,06E7,NSM,1227,1192,SHLM
absSmallHighNoon,noonabove-ar,uni06E8,,1221,06E8,NSM,1228,1193,SHL
absEmptyCentreLowStop,rhombusStopbelow-ar,uni06EA,,1222,06EA,NSM,1229,1195,SHL
absEmptyCentreHighStop,rhombusStopabove-ar,uni06EB,,1223,06EB,NSM,1230,1196,SHL
absRoundedHighStopFilledCentre,dotStopabove-ar,uni06EC,,1224,06EC,NSM,1231,1197,SHL
absSmallLowMeem,meembelow-ar,uni06ED,,1225,06ED,NSM,1232,1198,SHL
absZero,zero-ar,uni0660,,1275,0660,AN,1295,1199,SHLM
absZeroMedium,zero-ar.medium,uni0660.medium,,1309,,AN,1331,1200,SHLM
absZeroSmall,zero-ar.small,uni0660.small,,1343,,AN,1364,1201,SHLM
absOne,one-ar,uni0661,,1276,0661,AN,1296,1202,SHLM
absOneMedium,one-ar.medium,uni0661.medium,,1310,,AN,1332,1203,SHLM
absOneSmall,one-ar.small,uni0661.small,,1344,,AN,1365,1204,SHLM
absTwo,two-ar,uni0662,,1277,0662,AN,1297,1205,SHLM
absTwoMedium,two-ar.medium,uni0662.medium,,1311,,AN,1333,1206,SHLM
absTwoSmall,two-ar.small,uni0662.small,,1345,,AN,1366,1207,SHLM
absThree,three-ar,uni0663,,1278,0663,AN,1298,1208,SHLM
absThreeMedium,three-ar.medium,uni0663.medium,,1312,,AN,1334,1209,SHLM
absThreeSmall,three-ar.small,uni0663.small,,1346,,AN,1367,1210,SHLM
absFour,four-ar,uni0664,,1279,0664,AN,1299,1211,SHLM
absFourMedium,four-ar.medium,uni0664.medium,,1313,,AN,1335,1212,SHLM
absFourSmall,four-ar.small,uni0664.small,,1347,,AN,1368,1213,SHLM
absFive,five-ar,uni0665,,1280,0665,AN,1303,1214,SHLM
absFiveMedium,five-ar.medium,uni0665.medium,,1314,,AN,1336,1215,SHLM
absFiveSmall,five-ar.small,uni0665.small,,1348,,AN,1369,1216,SHLM
absSix,six-ar,uni0666,,1281,0666,AN,1304,1217,SHLM
absSixMedium,six-ar.medium,uni0666.medium,,1315,,AN,1337,1218,SHLM
absSixSmall,six-ar.small,uni0666.small,,1349,,AN,1370,1219,SHLM
absSeven,seven-ar,uni0667,,1282,0667,AN,1305,1220,SHLM
absSevenMedium,seven-ar.medium,uni0667.medium,,1316,,AN,1338,1221,SHLM
absSevenSmall,seven-ar.small,uni0667.small,,1350,,AN,1371,1222,SHLM
absEight,eight-ar,uni0668,,1283,0668,AN,1306,1223,SHLM
absEightMedium,eight-ar.medium,uni0668.medium,,1317,,AN,1339,1224,SHL
absEightSmall,eight-ar.small,uni0668.small,,1351,,AN,1372,1225,SHL
absNine,nine-ar,uni0669,,1284,0669,AN,1307,1226,SHLM
absNineMedium,nine-ar.medium,uni0669.medium,,1318,,AN,1340,1227,SHLM
absNineSmall,nine-ar.small,uni0669.small,,1352,,AN,1373,1228,SHLM
absEasternZero,zero-persian,uni06F0,,1285,06F0,EN,1308,1229,SHL
absEasternZeroMedium,zero-persian.medium,uni06F0.medium,,1319,,EN,1341,1230,SHL
absEasternZeroSmall,zero-persian.small,uni06F0.small,,1353,,EN,1374,1231,SHL
absEasternOne,one-persian,uni06F1,,1286,06F1,EN,1309,1232,SHL
absEasternOneMedium,one-persian.medium,uni06F1.medium,,1320,,EN,1342,1233,SHL
absEasternOneSmall,one-persian.small,uni06F1.small,,1354,,EN,1375,1234,SHL
absEasternTwo,two-persian,uni06F2,,1287,06F2,EN,1310,1235,SHL
absEasternTwoMedium,two-persian.medium,uni06F2.medium,,1321,,EN,1343,1236,SHL
absEasternTwoSmall,two-persian.small,uni06F2.small,,1355,,EN,1376,1237,SHL
absEasternThree,three-persian,uni06F3,,1288,06F3,EN,1311,1238,SHL
absEasternThreeMedium,three-persian.medium,uni06F3.medium,,1322,,EN,1344,1239,SHL
absEasternThreeSmall,three-persian.small,uni06F3.small,,1356,,EN,1377,1240,SHL
absEasternFour,four-persian,uni06F4,,1289,06F4,EN,1312,1241,SHL
absEasternFourMedium,four-persian.medium,uni06F4.medium,,1323,,EN,1345,1242,SHL
absEasternFourSmall,four-persian.small,uni06F4.small,,1357,,EN,1378,1243,SHL
absEasternFour.urdu,four-persian.urdu,uni06F4.urdu,,1290,,EN,1313,1244,SHL
absEasternFourMedium.urdu,four-persian.urdu.medium,uni06F4.urdu.medium,,1324,,EN,1346,1245,SHL
absEasternFourSmall.urdu,four-persian.urdu.small,uni06F4.urdu.small,,1358,,EN,1379,1246,SHL
absEasternFive,five-persian,uni06F5,,1292,06F5,EN,1314,1250,SHL
absEasternFiveMedium,five-persian.medium,uni06F5.medium,,1326,,EN,1347,1251,SHL
absEasternFiveSmall,five-persian.small,uni06F5.small,,1360,,EN,1380,1252,SHL
absEasternSix,six-persian,uni06F6,,1293,06F6,EN,1315,1253,SHL
absEasternSixMedium,six-persian.medium,uni06F6.medium,,1327,,EN,1348,1254,SHL
absEasternSixSmall,six-persian.small,uni06F6.small,,1361,,EN,1381,1255,SHL
absEasternSix.urdu,six-persian.urdu,uni06F6.urdu,,1294,,EN,1316,1256,SHL
absEasternSixMedium.urdu,six-persian.urdu.medium,uni06F6.urdu.medium,,1328,,EN,1349,1257,SHL
absEasternSixSmall.urdu,six-persian.urdu.small,uni06F6.urdu.small,,1362,,EN,1382,1258,SHL
absEasternSeven,seven-persian,uni06F7,,1295,06F7,EN,1317,1259,SHL
absEasternSevenMedium,seven-persian.medium,uni06F7.medium,,1329,,EN,1350,1260,SHL
absEasternSevenSmall,seven-persian.small,uni06F7.small,,1363,,EN,1383,1261,SHL
absEasternSeven.urdu,seven-persian.urdu,uni06F7.urdu,,1296,,EN,1318,1262,SHL
absEasternSevenMedium.urdu,seven-persian.urdu.medium,uni06F7.urdu.medium,,1330,,EN,1351,1263,SHL
absEasternSevenSmall.urdu,seven-persian.urdu.small,uni06F7.urdu.small,,1364,,EN,1384,1264,SHL
absEasternEight,eight-persian,uni06F8,,1297,06F8,EN,1319,1265,SHL
absEasternEightMedium,eight-persian.medium,uni06F8.medium,,1331,,EN,1352,1266,SHL
absEasternEightSmall,eight-persian.small,uni06F8.small,,1365,,EN,1385,1267,SHL
absEasternNine,nine-persian,uni06F9,,1298,06F9,EN,1320,1268,SHL
absEasternNineMedium,nine-persian.medium,uni06F9.medium,,1332,,EN,1353,1269,SHL
absEasternNineSmall,nine-persian.small,uni06F9.small,,1366,,EN,1386,1270,SHL
absFullStop,fullstop-ar,uni06D4,,1265,06D4,AL,1276,1271,SHL
absComma,comma-ar,uni060C,,1240,060C,CS,1287,1272,*
absComma.downward,comma-ar.downward,uni060C.downward,,1241,,CS,1288,1273,*
absSemicolon,semicolon-ar,uni061B,,1256,061B,AL,1267,1274,SHLM
absSemicolon.downward,semicolon-ar.downward,uni061B.downward,,1257,,AL,1268,1275,SHLM
arabicLetterMark,mark-ar,uni061C,,1258,061C,,1269,1276,*
absQuestionMark,question-ar,uni061F,,1260,061F,AL,1271,1277,*
absPercentSign,percent-ar,uni066A,,1261,066A,ET,1272,1278,*
absNumberSign,number-ar,uni0600,,1226,0600,AN,1408,1279,SH
absNumberSign.2,number-ar.2,uni0600.2,,1385,,AN,1409,1280,SH
absNumberSign.3,number-ar.3,uni0600.3,,1386,,AN,1410,1281,SH
absDecimalSeparator,decimalseparator-ar,uni066B,,1262,066B,AN,1273,1282,*
absThousandsSeparator,thousandseparator-ar,uni066C,,1263,066C,AN,1274,1283,SHLM
absFivePointedStar,asterisk-ar,uni066D,,1264,066D,AL,1275,1284,SHLM
ornateLeftParen,parenleft-ar,uniFD3E,,1271,FD3E,,1279,1285,*
ornateRightParen,parenright-ar,uniFD3F,,1272,FD3F,,1292,1286,*
absYearSign,year-ar,uni0601,,1227,0601,AN,1417,1287,SH
absYearSign.2,year-ar.2,uni0601.2,,1393,,AN,1418,1288,SH
absYearSign.3,year-ar.3,uni0601.3,,1394,,AN,1419,1289,SH
absYearSign.4,year-ar.4,uni0601.4,,1395,,AN,1420,1290,SH
absFootnoteSign,footnotemarker-ar,uni0602,,1228,0602,AN,1429,1291,SH
absFootnoteSign.2,footnotemarker-ar.2,uni0602.2,,1404,,AN,1430,1292,SH
absPageSign,pagenumber-ar,uni0603,,1229,0603,AN,1435,1293,SH
absPageSign.2,pagenumber-ar.2,uni0603.2,,1409,,AN,1436,1294,SH
absPageSign.3,pagenumber-ar.3,uni0603.3,,1410,,AN,1437,1295,SH
absPageSign.4,pagenumber-ar.4,uni0603.4,,1411,,AN,1438,1296,SH
absSamvatSign,samvat-ar,uni0604,,1230,0604,AN,1447,1297,SH
absSamvatSign.2,samvat-ar.2,uni0604.2,,1420,,AN,1448,1298,SH
absSamvatSign.3,samvat-ar.3,uni0604.3,,1421,,AN,1449,1299,SH
absSamvatSign.4,samvat-ar.4,uni0604.4,,1422,,AN,1450,1300,SH
absPerMilleSign,perthousand-ar,uni0609,,1237,0609,ET,1285,1308,SH
absPerTenThousandSign,pertenthousand-ar,uni2031,,1238,060A,ET,1286,1309,SH
absAfghaniSign,afghani-ar,uni060B,,1239,060B,AL,775,1310,SH
absEndOfAyah,endofayah-ar,uni06DD,,1266,06DD,AN,1387,1317,*
absEndOfAyah.2,endofayah-ar.2,uni06DD.2,,1367,,AN,1388,1318,*
absEndOfAyah.3,endofayah-ar.3,uni06DD.3,,1368,,AN,1389,1319,*
absEndOfAyah.alt,endofayah-ar.alt,uni06DD.alt,,1267,,AN,1393,1320,SHL
absEndOfAyah.altB,endofayah-ar.altB,uni06DD.altB,,1268,,AN,1399,1321,SHL
absEndOfAyah.alt.2,endofayah-ar.alt.2,uni06DD.alt.2,,1372,,AN,1394,1322,SHL
absEndOfAyah.alt.3,endofayah-ar.alt.3,uni06DD.alt.3,,1373,,AN,1395,1323,SHL
absEndOfAyah.altB.2,endofayah-ar.altB.2,uni06DD.altB.2,,1377,,AN,1400,1324,SHL
absEndOfAyah.altB.3,endofayah-ar.altB.3,uni06DD.altB.3,,1378,,AN,1401,1325,SHL
absTone1DotAbove,toneonedotabove-ar,uni08EA,,1190,08EA,NSM,1197,1333,SH
absTone2DotsAbove,tonetwodotsabove-ar,uni08EB,,1191,08EB,NSM,1198,1334,SH
absToneLoopAbove,toneloopabove-ar,uni08EC,,1192,08EC,NSM,1199,1335,SH
absTone1DotBelow,toneonedotbelow-ar,uni08ED,,1193,08ED,NSM,1200,1336,SH
absTone2DotsBelow,tonetwodotsbelow-ar,uni08EE,,1194,08EE,NSM,1201,1337,SH
absToneLoopBelow,toneloopbelow-ar,uni08EF,,1195,08EF,NSM,1202,1338,SH
absOpenFathatan,openfathatan-ar,uni08F0,,1457,08F0,NSM,1259,1339,SH
absOpenDammatan,opendammatan-ar,uni08F1,,1458,08F1,NSM,1260,1340,SH
absOpenKasratan,openkasratan-ar,uni08F2,,1459,08F2,NSM,1261,1341,SH
absSmallHighWaw,highwaw-ar,uni08F3,,1460,08F3,NSM,1262,1342,SH
absFathaRing,fathaRing-ar,uni08F4,,1196,08F4,NSM,1203,1343,SH
absFathaDotAbove,fathaDotabove-ar,uni08F5,,1197,08F5,NSM,1204,1344,SH
absKasraDotBelow,kasraDotbelow-ar,uni08F6,,1198,08F6,NSM,1205,1345,SH
absLeftArrowheadAbove,leftarrowheadabove-ar,uni08F7,,1199,08F7,NSM,1206,1346,SH
absRightArrowheadAbove,rightarrowheadabove-ar,uni08F8,,1200,08F8,NSM,1207,1347,SH
absLeftArrowheadBelow,leftarrowheadbelow-ar,uni08F9,,1201,08F9,NSM,1208,1348,SH
absRightArrowheadBelow,rightarrowheadbelow-ar,uni08FA,,1202,08FA,NSM,1209,1349,SH
absDoubleRightArrowheadAbove,doublerightarrowheadabove-ar,uni08FB,,1203,08FB,NSM,1210,1350,SH
absDoubleRightArrowheadAboveDot,doublerightarrowheadDotabove-ar,uni08FC,,1204,08FC,NSM,1211,1351,SH
absRightArrowheadAboveDot,rightarrowheadDotabove-ar,uni08FD,,1205,08FD,NSM,1212,1352,SH
absShortVowelMark,marksidewaysnoonghunna-ar,uni08FF,,1456,08FF,NSM,1258,1354,SHL
absDammaMeem,damma_meem-ar,uni064F_uni0645,,1462,,NSM,1264,1355,SH
absFathaMeem,fatha_meem-ar,uni064E_uni0645,,1461,,NSM,1263,1356,SH
absHamzaDamma,hamza_damma-ar,uni0621_uni064F,,1452,,NSM,1254,1357,SHL
absHamzaDamma.short,hamza_damma-ar.short,uni0621_uni064F.short,,1453,,NSM,1255,1359,SH
absHamzaFatha,hamza_fatha-ar,uni0621_uni064E,,1451,,NSM,1253,1360,SHL
absKasraMeem,kasra_meem-ar,uni0650_uni0645,,1463,,NSM,1265,1361,SH
absShaddaAlef,shadda_alef-ar,uni0651_uni0627,,1455,,NSM,1257,1362,SHLM
absShaddaDamma,shadda_damma-ar,uni0651_uni064F,,1447,,NSM,1249,1363,SHLM
absShaddaDamma.short,shadda_damma-ar.short,uni0651_uni064F.short,,1448,,NSM,1250,1365,SH
absShaddaDammatan,shadda_dammatan-ar,uni0651_uni064C,,1443,,NSM,1245,1366,SHLM
absShaddaDammatan.sixNine,shadda_dammatan-ar.sixNine,uni0651_uni064C.sixNine,,1444,,NSM,1246,1367,SH
absShaddaFatha,shadda_fatha-ar,uni0651_uni064E,,1446,,NSM,1248,1368,SHLM
absShaddaFathatan,shadda_fathatan-ar,uni0651_uni064B,,1442,,NSM,1244,1369,SHLM
absShaddaKasra,shadda_kasra-ar,uni0651_uni0650,,1450,,NSM,1252,1370,SHLM
absShaddaKasratan,shadda_kasratan-ar,uni0651_uni064D,,1445,,NSM,1247,1371,SHLM
enQuad,enquad,uni2000,,237,2000,,237,1372,*
emQuad,emquad,uni2001,,238,2001,,238,1373,*
enSpace,enspace,uni2002,enspace,239,2002,,239,1374,*
emSpace,emspace,uni2003,,240,2003,,240,1375,*
threePerEmSpace,threeperemspace,uni2004,,241,2004,,241,1376,*
fourPerEmSpace,fourperemspace,uni2005,,242,2005,,242,1377,*
sixPerEmSpace,sixperemspace,uni2006,,243,2006,,243,1378,*
figureSpace,figurespace,uni2007,,244,2007,,244,1379,*
punctuationSpace,punctuationspace,uni2008,,245,2008,,245,1380,*
thinSpace,thinspace,uni2009,,246,2009,,246,1381,*
hairSpace,hairspace,uni200A,,247,200A,,247,1382,*
zerospace,zerowidthspace,uni200B,,248,200B,,248,1383,*
zeronojoin,zerowidthnonjoiner,uni200C,,249,200C,,249,1384,*
zerojoin,zerowidthjoiner,uni200D,,250,200D,,250,1385,*
zeroWidthNoBreakSpace,zeroWidthNoBreakSpace,uniFEFF,zerowidthjoiner,277,FEFF,,277,1386,*
leftToRightMark,lefttorightmark,uni200E,,251,200E,,251,1387,*
rightToLeftMark,righttoleftmark,uni200F,,252,200F,,252,1388,*
noBreakHyphen,nonbreakinghyphen,uni2011,,254,2011,,254,1389,*
figureDash,figuredash,figuredash,,255,2012,,255,1390,*
endash,endash,endash,,129,2013,,129,1391,*
emdash,emdash,emdash,,130,2014,,130,1392,*
horizontalBar,horizontalbar,uni2015,horizontalbar,256,2015,,256,1393,*
quoteleft,quoteleft,quoteleft,,120,2018,,120,1394,*
quoteright,quoteright,quoteright,,121,2019,,121,1396,*
quotesinglbase,quotesinglbase,quotesinglbase,,106,201A,,106,1398,*
quotedblleft,quotedblleft,quotedblleft,,122,201C,,122,1399,*
quotedblright,quotedblright,quotedblright,,123,201D,,123,1401,*
quotedblbase,quotedblbase,quotedblbase,,108,201E,,108,1403,*
dagger,dagger,dagger,,110,2020,,110,1404,*
daggerdbl,daggerdbl,daggerdbl,,111,2021,,111,1405,*
bullet,bullet,bullet,,128,2022,,128,1406,*
ellipsis,ellipsis,ellipsis,,109,2026,,109,1407,*
hyphenationPoint,hyphenationpoint,uni2027,,257,2027,,257,1408,*
lineSeparator,lineseparator,uni2028,,258,2028,,258,1409,*
paragraphSeparator,paragraphseparator,uni2029,,259,2029,,259,1410,*
leftToRightEmbedding,lefttorightembedding,uni202A,,260,202A,,260,1411,*
rightToLeftEmbedding,righttoleftembedding,uni202B,,261,202B,,261,1412,*
popDirectionalFormatting,popdirectionalformatting,uni202C,,262,202C,,262,1413,*
leftToRightOverride,lefttorightoverride,uni202D,,263,202D,,263,1414,*
rightToLeftOverride,righttoleftoverride,uni202E,,264,202E,,264,1415,*
narrowNoBreakSpace,narrownbspace,uni202F,,265,202F,,265,1416,*
perthousand,perthousand,perthousand,,113,2030,,113,1417,*
guilsinglleft,guilsinglleft,guilsinglleft,,115,2039,,115,1418,*
guilsinglright,guilsinglright,guilsinglright,,134,203A,,134,1419,*
wordJoiner,wordjoiner,uni2060,,266,2060,,266,1420,*
leftToRightIsolate,lefttorightisolate,uni2066,,269,2066,,269,1421,*
rightToLeftIsolate,righttoleftisolate,uni2067,,270,2067,,270,1422,*
firstStrongIsolate,firststrongisolate,uni2068,,271,2068,,271,1423,*
popDirectionalIsolate,popdirectionalisolate,uni2069,,272,2069,,272,1424,*
inhibitArabicFormShaping,inhibitformshaping-ar,uni206C,,267,206C,,267,1425,*
activateArabicFormShaping,activateformshaping-ar,uni206D,,268,206D,,268,1426,*
Euro,euro,Euro,,105,20AC,,105,1427,*
trademark,trademark,trademark,,132,2122,,132,1428,*
minus,minus,minus,,273,2212,,273,1429,*
bulletOperator,bulletoperator,uni2219,bulletoperator,163,2219,,163,1430,*
circledash,dottedCircle,uni25CC,,274,25CC,,274,1433,*
FontBslnSideBrngMrkrLft,FontBslnSideBrngMrkrLft,FontBslnSideBrngMrkrLft,,275,F130,,275,1434,*
FontBslnSideBrngMrkrRt,FontBslnSideBrngMrkrRt,FontBslnSideBrngMrkrRt,,276,F131,,276,1435,*
_bar,_bar,_bar,,1507,,,1471,1436,SHL
_bar2,_bar2,_bar2,,1508,,,1472,1437,SH
_damma,_damma,_damma,,1509,,,1473,1438,SHL
_dot1,_dot1,_dot1,,1518,,,1482,1440,SHLM
_dot1_hat,_dot1_hat,_dot1_hat,,1519,,,1483,1441,SHLM
_dot1_smallV,_dot1_smallV,_dot1_smallV,,1520,,,1484,1442,SHL
_dot2h,_dot2h,_dot2h,,1523,,,1487,1444,SHLM
_dot2v,_dot2v,_dot2v,,1524,,,1488,1446,SHLM
_dot3d,_dot3d,_dot3d,,1526,,,1490,1447,SHLM
_dot3h,_dot3h,_dot3h,,1527,,,1491,1448,SHL
_dot3u,_dot3u,_dot3u,,1528,,,1492,1449,SHLM
_dot4,_dot4,_dot4,,1530,,,1494,1451,SHL
_gafBar,_gafBar,_gafBar,,1531,,,1495,1454,SHLM
_gafBarShort,_gafBarShort,_gafBarShort,,1532,,,1496,1458,SHM
_hamza,_hamza,_hamza,,1513,,,1477,1461,SHLM
_hamzaDamma,_hamzaDamma,_hamzaDamma,,1511,,,1475,1462,SHL
_hat,_hat,_hat,,1515,,,1479,1464,SHL
_highHamza,_highHamza,_highHamza,,1514,,,1478,1465,SHLM
_invSmallV,_invSmallV,_invSmallV,,1516,,,1480,1466,SHLM
_madda,_madda,_madda,,1539,,,1503,1468,SHLM
_madda.small,_madda.small,_madda.small,,1540,,,1504,1469,SH
_ring,_ring,_ring,,1541,,,1505,1472,SHLM
_smallV,_smallV,_smallV,,1517,,,1481,1473,SHLM
_tah,_tah,_tah,,1542,,,1506,1474,SHLM
_vline,_vline,_vline,,1548,,,1512,1478,SHLM
_wasla,_wasla,_wasla,,1549,,,1513,1479,SHL
,,,,,,,,,
,,,,,,,,,
,,,,,,,,,
